Id,Date,TotalSteps,Calories,TotalDistance,TrackerDistance,LoggedActivitiesDistance,VeryActiveMinutes,FairlyActiveMinutes,LightlyActiveMinutes,SedentaryMinutes,VeryActiveDistance,ModeratelyActiveDistance,LightActiveDistance,SedentaryActiveDistance,DayOfWeek,Month,MonthName,TotalActiveMinutes,TotalActiveDistance,ActivityLevel,TotalSleepRecords,TotalMinutesAsleep,TotalTimeInBed,SleepHours,TimeInBedHours,SleepEfficiencyPct,SleepCategory,AverageHeartRate,MinimumHeartRate,MaximumHeartRate,HeartRateReadings,WeightKg,BMI,Fat,HourlyCalories,HourlySteps,HourlyIntensity,AverageHourlyIntensity,StepsPerActiveMinute,CaloriesPer1000Steps,ActiveMinutePct,SleepSufficient,IsWeekend
1503960366,2016-04-12,13162,1985,8.5,8.5,0.0,25,13,328,728,1.87999999523163,0.550000011920929,6.05999994277954,0.0,Tuesday,4,April,366,8.489999949932098,High Activity,1.0,327.0,346.0,5.45,5.77,94.51,Short Sleep,,,,,,,,1988.0,13158.0,429.0,0.29791666666666666,35.96174863387978,150.81294636073545,25.416666666666664,False,False
1503960366,2016-04-13,10735,1797,6.96999979019165,6.96999979019165,0.0,21,19,217,776,1.57000005245209,0.689999997615814,4.71000003814697,0.0,Wednesday,4,April,257,6.970000088214874,High Activity,2.0,384.0,407.0,6.4,6.78,94.35,Short Sleep,,,,,,,,1798.0,10735.0,318.0,0.220833375,41.7704280155642,167.3963670237541,17.84722222222222,False,False
1503960366,2016-04-14,10460,1776,6.73999977111816,6.73999977111816,0.0,30,11,181,1218,2.44000005722046,0.400000005960464,3.91000008583069,0.0,Thursday,4,April,222,6.750000149011614,High Activity,,,,,,,,,,,,,,,1776.0,10460.0,293.0,0.20347225,47.11711711711712,169.78967495219885,15.416666666666668,False,False
1503960366,2016-04-15,9762,1745,6.28000020980835,6.28000020980835,0.0,29,34,209,726,2.14000010490417,1.25999999046326,2.82999992370605,0.0,Friday,4,April,272,6.230000019073479,High Activity,1.0,412.0,442.0,6.87,7.37,93.21,Short Sleep,,,,,,,,1745.0,9685.0,364.0,0.25277770833333335,35.88970588235294,178.75435361606228,18.88888888888889,False,False
1503960366,2016-04-16,12669,1863,8.15999984741211,8.15999984741211,0.0,36,10,221,773,2.71000003814697,0.409999996423721,5.03999996185303,0.0,Saturday,4,April,267,8.159999996423721,High Activity,2.0,340.0,367.0,5.67,6.12,92.64,Short Sleep,,,,,,,,1866.0,12669.0,349.0,0.24236112499999998,47.449438202247194,147.05185886810324,18.541666666666668,False,True
1503960366,2016-04-17,9705,1728,6.48000001907349,6.48000001907349,0.0,38,20,164,539,3.19000005722046,0.779999971389771,2.50999999046326,0.0,Sunday,4,April,222,6.480000019073491,High Activity,1.0,700.0,712.0,11.67,11.87,98.31,Long Sleep,,,,,,,,1730.0,9705.0,318.0,0.22083333333333333,43.71621621621622,178.05255023183926,15.416666666666668,True,True
1503960366,2016-04-18,13019,1921,8.59000015258789,8.59000015258789,0.0,42,16,233,1149,3.25,0.639999985694885,4.71000003814697,0.0,Monday,4,April,291,8.600000023841854,High Activity,,,,,,,,,,,,,,,1920.0,13019.0,391.0,0.27152775,44.738831615120276,147.55357554343652,20.208333333333332,False,False
1503960366,2016-04-19,15506,2035,9.88000011444092,9.88000011444092,0.0,50,31,264,775,3.52999997138977,1.32000005245209,5.03000020980835,0.0,Tuesday,4,April,345,9.88000023365021,High Activity,1.0,304.0,320.0,5.07,5.33,95.0,Short Sleep,,,,,,,,2034.0,15506.0,476.0,0.3305556666666667,44.94492753623189,131.23952018573456,23.958333333333336,False,False
1503960366,2016-04-20,10544,1786,6.67999982833862,6.67999982833862,0.0,28,12,205,818,1.96000003814697,0.479999989271164,4.23999977111816,0.0,Wednesday,4,April,245,6.6799997985362936,High Activity,1.0,360.0,377.0,6.0,6.28,95.49,Short Sleep,,,,,,,,1785.0,10544.0,313.0,0.21736104166666667,43.03673469387755,169.3854324734446,17.01388888888889,False,False
1503960366,2016-04-21,9819,1775,6.34000015258789,6.34000015258789,0.0,19,8,211,838,1.3400000333786,0.349999994039536,4.65000009536743,0.0,Thursday,4,April,238,6.340000122785566,High Activity,1.0,325.0,364.0,5.42,6.07,89.29,Short Sleep,,,,,,,,1777.0,9819.0,284.0,0.197222125,41.2563025210084,180.7719727059782,16.52777777777778,False,False
1503960366,2016-04-22,12764,1827,8.13000011444092,8.13000011444092,0.0,66,27,130,1217,4.76000022888184,1.12000000476837,2.24000000953674,0.0,Friday,4,April,223,8.12000024318695,High Activity,,,,,,,,,,,,,,,1825.0,12764.0,382.0,0.2652778333333333,57.237668161434975,143.1369476653087,15.48611111111111,False,False
1503960366,2016-04-23,14371,1949,9.03999996185303,9.03999996185303,0.0,41,21,262,732,2.80999994277954,0.870000004768372,5.3600001335144,0.0,Saturday,4,April,324,9.040000081062312,High Activity,1.0,361.0,384.0,6.02,6.4,94.01,Short Sleep,,,,,,,,1948.0,14371.0,427.0,0.29652775000000003,44.35493827160494,135.62034653120867,22.5,False,True
1503960366,2016-04-24,10039,1788,6.40999984741211,6.40999984741211,0.0,39,5,238,709,2.92000007629395,0.209999993443489,3.27999997138977,0.0,Sunday,4,April,282,6.410000041127209,High Activity,1.0,430.0,449.0,7.17,7.48,95.77,Recommended Range,,,,,,,,1790.0,10039.0,365.0,0.25347225,35.59929078014184,178.10538898296645,19.583333333333332,True,True
1503960366,2016-04-25,15355,2013,9.80000019073486,9.80000019073486,0.0,73,14,216,814,5.28999996185303,0.569999992847443,3.94000005722046,0.0,Monday,4,April,303,9.800000011920933,High Activity,1.0,277.0,323.0,4.62,5.38,85.76,Very Short Sleep,,,,,,,,2010.0,15355.0,463.0,0.3215277916666667,50.67656765676568,131.09736242266362,21.041666666666668,False,False
1503960366,2016-04-26,13755,1970,8.78999996185303,8.78999996185303,0.0,31,23,279,833,2.32999992370605,0.920000016689301,5.53999996185303,0.0,Tuesday,4,April,333,8.78999990224838,High Activity,1.0,245.0,274.0,4.08,4.57,89.42,Very Short Sleep,,,,,,,,1973.0,13755.0,418.0,0.2902777916666667,41.306306306306304,143.22064703744093,23.125,False,False
1503960366,2016-04-27,18134,2159,12.210000038147,12.210000038147,0.0,78,11,243,1108,6.40000009536743,0.409999996423721,5.40999984741211,0.0,Wednesday,4,April,332,12.219999939203262,High Activity,,,,,,,,,,,,,,,2159.0,18125.0,499.0,0.34652779166666664,54.62048192771084,119.05812286313002,23.055555555555557,False,False
1503960366,2016-04-28,13154,1898,8.52999973297119,8.52999973297119,0.0,48,28,189,782,3.53999996185303,1.1599999666214,3.78999996185303,0.0,Thursday,4,April,265,8.48999989032746,High Activity,1.0,366.0,393.0,6.1,6.55,93.13,Short Sleep,,,,,,,,1901.0,13091.0,389.0,0.270138875,49.637735849056604,144.29071005017485,18.40277777777778,False,False
1503960366,2016-04-29,11181,1837,7.15000009536743,7.15000009536743,0.0,16,12,243,815,1.05999994277954,0.5,5.57999992370605,0.0,Friday,4,April,271,7.13999986648559,High Activity,1.0,341.0,354.0,5.68,5.9,96.33,Short Sleep,,,,,,,,1839.0,11181.0,315.0,0.21875,41.25830258302583,164.296574546105,18.819444444444443,False,False
1503960366,2016-04-30,14673,1947,9.25,9.25,0.0,52,34,217,712,3.55999994277954,1.41999995708466,4.26999998092651,0.0,Saturday,4,April,303,9.24999988079071,High Activity,1.0,404.0,425.0,6.73,7.08,95.06,Short Sleep,,,,,,,,1947.0,14673.0,441.0,0.30625004166666664,48.42574257425743,132.6927008791658,21.041666666666668,False,True
1503960366,2016-05-01,10602,1820,6.80999994277954,6.80999994277954,0.0,33,35,246,730,2.28999996185303,1.60000002384186,2.92000007629395,0.0,Sunday,5,May,314,6.8100000619888394,High Activity,1.0,369.0,396.0,6.15,6.6,93.18,Short Sleep,,,,,,,,1828.0,10602.0,415.0,0.28819445833333335,33.76433121019108,171.66572344840597,21.805555555555557,False,True
1503960366,2016-05-02,14727,2004,9.71000003814697,9.71000003814697,0.0,41,15,277,798,3.21000003814697,0.569999992847443,5.92000007629395,0.0,Monday,5,May,333,9.700000107288362,High Activity,1.0,277.0,309.0,4.62,5.15,89.64,Very Short Sleep,,,,,,,,2016.0,14710.0,430.0,0.2986112083333333,44.22522522522522,136.0765940110002,23.125,False,False
1503960366,2016-05-03,15103,1990,9.65999984741211,9.65999984741211,0.0,50,24,254,816,3.73000001907349,1.04999995231628,4.88000011444092,0.0,Tuesday,5,May,328,9.660000085830688,High Activity,1.0,273.0,296.0,4.55,4.93,92.23,Very Short Sleep,,,,,,,,1992.0,15103.0,452.0,0.313888875,46.045731707317074,131.76190160895186,22.77777777777778,False,False
1503960366,2016-05-04,11100,1819,7.15000009536743,7.15000009536743,0.0,36,22,203,1179,2.46000003814697,0.870000004768372,3.8199999332428,0.0,Wednesday,5,May,261,7.149999976158142,High Activity,,,,,,,,,,,,,,,1819.0,11100.0,355.0,0.2465277916666667,42.52873563218391,163.8738738738739,18.125,False,False
1503960366,2016-05-05,14070,1959,8.89999961853027,8.89999961853027,0.0,45,24,250,857,2.92000007629395,1.08000004291534,4.88000011444092,0.0,Thursday,5,May,319,8.880000233650211,High Activity,1.0,247.0,264.0,4.12,4.4,93.56,Very Short Sleep,,,,,,,,1960.0,14047.0,433.0,0.30069445833333336,44.106583072100314,139.2324093816631,22.15277777777778,False,False
1503960366,2016-05-06,12159,1896,8.02999973297119,8.02999973297119,0.0,24,6,289,754,1.97000002861023,0.25,5.80999994277954,0.0,Friday,5,May,319,8.02999997138977,High Activity,1.0,334.0,367.0,5.57,6.12,91.01,Short Sleep,,,,,,,,1897.0,12159.0,373.0,0.25902787499999996,38.11598746081505,155.93387614113,22.15277777777778,False,False
1503960366,2016-05-07,11992,1821,7.71000003814697,7.71000003814697,0.0,37,46,175,833,2.46000003814697,2.11999988555908,3.13000011444092,0.0,Saturday,5,May,258,7.710000038146969,High Activity,1.0,331.0,349.0,5.52,5.82,94.84,Short Sleep,,,,,,,,1819.0,11992.0,378.0,0.2625000416666667,46.48062015503876,151.85123415610406,17.916666666666668,False,True
1503960366,2016-05-08,10060,1740,6.57999992370605,6.57999992370605,0.0,44,8,203,574,3.52999997138977,0.319999992847443,2.73000001907349,0.0,Sunday,5,May,255,6.579999983310703,High Activity,1.0,594.0,611.0,9.9,10.18,97.22,Long Sleep,,,,,,,,1740.0,10060.0,351.0,0.24375,39.450980392156865,172.96222664015903,17.708333333333336,True,True
1503960366,2016-05-09,12022,1819,7.71999979019165,7.71999979019165,0.0,46,11,206,835,3.45000004768372,0.529999971389771,3.74000000953674,0.0,Monday,5,May,263,7.720000028610231,High Activity,1.0,338.0,342.0,5.63,5.7,98.83,Short Sleep,,,,,,,,1820.0,12022.0,366.0,0.25416679166666667,45.71102661596958,151.30593911162867,18.26388888888889,False,False
1503960366,2016-05-10,12207,1859,7.76999998092651,7.76999998092651,0.0,46,31,214,746,3.34999990463257,1.1599999666214,3.25999999046326,0.0,Tuesday,5,May,291,7.769999861717229,High Activity,1.0,383.0,403.0,6.38,6.72,95.04,Short Sleep,,,,,,,,1861.0,12207.0,414.0,0.2875,41.94845360824742,152.28966986155484,20.208333333333332,False,False
1503960366,2016-05-11,12770,1783,8.13000011444092,8.13000011444092,0.0,36,23,251,669,2.55999994277954,1.00999999046326,4.55000019073486,0.0,Wednesday,5,May,310,8.12000012397766,High Activity,1.0,285.0,306.0,4.75,5.1,93.14,Very Short Sleep,,,,,,,,1724.0,11890.0,393.0,0.3119048095238095,41.193548387096776,139.62411902897415,21.52777777777778,False,False
1503960366,2016-05-12,0,0,0.0,0.0,0.0,0,0,0,1440,0.0,0.0,0.0,0.0,Thursday,5,May,0,0.0,Sedentary,,,,,,,,,,,,,,,,,,,,,0.0,False,False
1624580081,2016-04-12,8163,1432,5.30999994277954,5.30999994277954,0.0,0,0,146,1294,0.0,0.0,5.30999994277954,0.0,Tuesday,4,April,146,5.30999994277954,High Activity,,,,,,,,,,,,,,,1433.0,8163.0,146.0,0.10138891666666666,55.91095890410959,175.42570133529338,10.13888888888889,False,False
1624580081,2016-04-13,7007,1411,4.55000019073486,4.55000019073486,0.0,0,0,148,1292,0.0,0.0,4.55000019073486,0.0,Wednesday,4,April,148,4.55000019073486,High Activity,,,,,,,,,,,,,,,1412.0,7007.0,148.0,0.10277775,47.3445945945946,201.37005851291568,10.277777777777777,False,False
1624580081,2016-04-14,9107,1572,5.92000007629395,5.92000007629395,0.0,0,0,236,1204,0.0,0.0,5.90999984741211,0.0099999997764825,Thursday,4,April,236,5.90999984741211,High Activity,,,,,,,,,,,,,,,1575.0,9107.0,236.0,0.16388895833333333,38.58898305084746,172.61447238388055,16.38888888888889,False,False
1624580081,2016-04-15,1510,1344,0.980000019073486,0.980000019073486,0.0,0,0,96,1344,0.0,0.0,0.970000028610229,0.0,Friday,4,April,96,0.970000028610229,High Activity,,,,,,,,,,,,,,,1346.0,1490.0,96.0,0.06666670833333334,15.729166666666666,890.0662251655629,6.666666666666667,False,False
1624580081,2016-04-16,5370,1463,3.49000000953674,3.49000000953674,0.0,0,0,176,1264,0.0,0.0,3.49000000953674,0.0,Saturday,4,April,176,3.49000000953674,High Activity,,,,,,,,,,,,,,,1466.0,5370.0,176.0,0.12222220833333335,30.511363636363637,272.43947858472995,12.222222222222221,False,True
1624580081,2016-04-17,6175,1554,4.05999994277954,4.05999994277954,0.0,15,22,127,1276,1.02999997138977,1.51999998092651,1.49000000953674,0.0099999997764825,Sunday,4,April,164,4.03999996185302,High Activity,,,,,,,,,,,,,,,1555.0,6150.0,216.0,0.15000004166666667,37.65243902439025,251.65991902834008,11.38888888888889,False,True
1624580081,2016-04-18,10536,1604,7.40999984741211,7.40999984741211,0.0,17,7,202,1214,2.15000009536743,0.620000004768372,4.61999988555908,0.0099999997764825,Monday,4,April,226,7.389999985694882,High Activity,,,,,,,,,,,,,,,1604.0,10536.0,267.0,0.18541675,46.61946902654867,152.2399392558846,15.694444444444445,False,False
1624580081,2016-04-19,2916,1435,1.89999997615814,1.89999997615814,0.0,0,0,141,1299,0.0,0.0,1.89999997615814,0.0,Tuesday,4,April,141,1.89999997615814,High Activity,,,,,,,,,,,,,,,1438.0,2916.0,141.0,0.09791675,20.680851063829788,492.1124828532236,9.791666666666666,False,False
1624580081,2016-04-20,4974,1446,3.23000001907349,3.23000001907349,0.0,0,0,151,1289,0.0,0.0,3.23000001907349,0.0,Wednesday,4,April,151,3.23000001907349,High Activity,,,,,,,,,,,,,,,1448.0,4974.0,151.0,0.104861125,32.94039735099338,290.7117008443908,10.48611111111111,False,False
1624580081,2016-04-21,6349,1467,4.13000011444092,4.13000011444092,0.0,0,0,186,1254,0.0,0.0,4.1100001335144,0.0199999995529652,Thursday,4,April,186,4.1100001335144,High Activity,,,,,,,,,,,,,,,1468.0,6349.0,186.0,0.129166625,34.134408602150536,231.06000945030712,12.916666666666668,False,False
1624580081,2016-04-22,4026,1470,2.61999988555908,2.61999988555908,0.0,0,0,199,1241,0.0,0.0,2.59999990463257,0.0,Friday,4,April,199,2.59999990463257,High Activity,,,,,,,,,,,,,,,1471.0,4002.0,199.0,0.1381945,20.231155778894472,365.12667660208643,13.819444444444445,False,False
1624580081,2016-04-23,8538,1562,5.55000019073486,5.55000019073486,0.0,0,0,227,1213,0.0,0.0,5.53999996185303,0.0099999997764825,Saturday,4,April,227,5.53999996185303,High Activity,,,,,,,,,,,,,,,1561.0,8538.0,227.0,0.1576388333333333,37.61233480176212,182.9468259545561,15.76388888888889,False,True
1624580081,2016-04-24,6076,1617,3.95000004768372,3.95000004768372,0.0,16,18,185,1221,1.14999997615814,0.910000026226044,1.88999998569489,0.0,Sunday,4,April,219,3.9499999880790737,High Activity,,,,,,,,,,,,,,,1618.0,6076.0,269.0,0.18680549999999999,27.744292237442924,266.1290322580645,15.208333333333332,False,True
1624580081,2016-04-25,6497,1492,4.21999979019165,4.21999979019165,0.0,0,0,202,1238,0.0,0.0,4.19999980926514,0.0199999995529652,Monday,4,April,202,4.19999980926514,High Activity,,,,,,,,,,,,,,,1493.0,6487.0,202.0,0.14027779166666668,32.163366336633665,229.64445128520856,14.027777777777779,False,False
1624580081,2016-04-26,2826,1402,1.8400000333786,1.8400000333786,0.0,0,0,140,1300,0.0,0.0,1.83000004291534,0.0099999997764825,Tuesday,4,April,140,1.83000004291534,High Activity,,,,,,,,,,,,,,,1402.0,2826.0,140.0,0.09722229166666667,20.185714285714287,496.1075725406935,9.722222222222223,False,False
1624580081,2016-04-27,8367,1670,5.44000005722046,5.44000005722046,0.0,17,36,154,1233,1.11000001430511,1.87000000476837,2.46000003814697,0.0,Wednesday,4,April,207,5.44000005722045,High Activity,,,,,,,,,,,,,,,1672.0,8367.0,277.0,0.19236116666666667,40.42028985507246,199.59364168758214,14.374999999999998,False,False
1624580081,2016-04-28,2759,1401,1.78999996185303,1.78999996185303,0.0,0,5,115,1320,0.0,0.200000002980232,1.60000002384186,0.0,Thursday,4,April,120,1.800000026822092,High Activity,,,,,,,,,,,,,,,1404.0,2759.0,125.0,0.08680558333333332,22.991666666666667,507.79267850670533,8.333333333333332,False,False
1624580081,2016-04-29,2390,1404,1.54999995231628,1.54999995231628,0.0,0,0,150,1290,0.0,0.0,1.54999995231628,0.0,Friday,4,April,150,1.54999995231628,High Activity,,,,,,,,,,,,,,,1406.0,2390.0,150.0,0.10416670833333334,15.933333333333334,587.4476987447698,10.416666666666668,False,False
1624580081,2016-04-30,6474,1655,4.30000019073486,4.30000019073486,0.0,11,23,224,1182,0.899999976158142,1.27999997138977,2.11999988555908,0.0099999997764825,Saturday,4,April,258,4.299999833106992,High Activity,,,,,,,,,,,,,,,1656.0,6474.0,303.0,0.21041670833333334,25.093023255813954,255.63793636082792,17.916666666666668,False,True
1624580081,2016-05-01,36019,2690,28.0300006866455,28.0300006866455,0.0,186,63,171,1020,21.9200000762939,4.19000005722046,1.9099999666214,0.0199999995529652,Sunday,5,May,420,28.020000100135757,High Activity,,,,,,,,,,,,,,,2692.0,36019.0,855.0,0.5937500416666667,85.75952380952381,74.68280629667676,29.166666666666668,False,True
1624580081,2016-05-02,7155,1497,4.92999982833862,4.92999982833862,0.0,7,6,166,1261,0.860000014305115,0.589999973773956,3.47000002861023,0.0,Monday,5,May,179,4.9200000166893005,High Activity,,,,,,,,,,,,,,,1497.0,7155.0,199.0,0.13819441666666668,39.97206703910614,209.2243186582809,12.430555555555555,False,False
1624580081,2016-05-03,2100,1334,1.37000000476837,1.37000000476837,0.0,0,0,96,1344,0.0,0.0,1.3400000333786,0.0199999995529652,Tuesday,5,May,96,1.3400000333786,High Activity,,,,,,,,,,,,,,,1334.0,2100.0,96.0,0.06666675,21.875,635.2380952380952,6.666666666666667,False,False
1624580081,2016-05-04,2193,1368,1.42999994754791,1.42999994754791,0.0,0,0,118,1322,0.0,0.0,1.41999995708466,0.0,Wednesday,5,May,118,1.41999995708466,High Activity,,,,,,,,,,,,,,,1372.0,2193.0,118.0,0.0819445,18.584745762711865,623.8030095759234,8.194444444444445,False,False
1624580081,2016-05-05,2470,1370,1.61000001430511,1.61000001430511,0.0,0,0,117,1323,0.0,0.0,1.58000004291534,0.0199999995529652,Thursday,5,May,117,1.58000004291534,High Activity,,,,,,,,,,,,,,,1372.0,2470.0,117.0,0.08125008333333333,21.11111111111111,554.6558704453441,8.125,False,False
1624580081,2016-05-06,1727,1341,1.12000000476837,1.12000000476837,0.0,0,0,102,1338,0.0,0.0,1.12000000476837,0.0099999997764825,Friday,5,May,102,1.12000000476837,High Activity,,,,,,,,,,,,,,,1341.0,1727.0,102.0,0.07083333333333333,16.931372549019606,776.4910248986681,7.083333333333333,False,False
1624580081,2016-05-07,2104,1474,1.37000000476837,1.37000000476837,0.0,0,0,182,1258,0.0,0.0,1.37000000476837,0.0,Saturday,5,May,182,1.37000000476837,High Activity,,,,,,,,,,,,,,,1474.0,2104.0,182.0,0.12638895833333333,11.56043956043956,700.5703422053232,12.63888888888889,False,True
1624580081,2016-05-08,3427,1427,2.23000001907349,2.23000001907349,0.0,0,0,152,1288,0.0,0.0,2.22000002861023,0.0,Sunday,5,May,152,2.22000002861023,High Activity,,,,,,,,,,,,,,,1426.0,3427.0,152.0,0.105555625,22.54605263157895,416.39918295885616,10.555555555555555,False,True
1624580081,2016-05-09,1732,1328,1.12999999523163,1.12999999523163,0.0,0,0,91,1349,0.0,0.0,1.12999999523163,0.0,Monday,5,May,91,1.12999999523163,High Activity,,,,,,,,,,,,,,,1329.0,1732.0,91.0,0.0631945,19.032967032967033,766.743648960739,6.319444444444445,False,False
1624580081,2016-05-10,2969,1393,1.92999994754791,1.92999994754791,0.0,0,0,139,1301,0.0,0.0,1.91999995708466,0.0099999997764825,Tuesday,5,May,139,1.91999995708466,High Activity,,,,,,,,,,,,,,,1393.0,2969.0,139.0,0.096527875,21.359712230215827,469.18154260693836,9.652777777777779,False,False
1624580081,2016-05-11,3134,1359,2.03999996185303,2.03999996185303,0.0,0,0,112,1328,0.0,0.0,2.03999996185303,0.0,Wednesday,5,May,112,2.03999996185303,High Activity,,,,,,,,,,,,,,,1363.0,3134.0,112.0,0.07777787500000001,27.982142857142858,433.6311423101468,7.777777777777778,False,False
1624580081,2016-05-12,2971,1002,1.92999994754791,1.92999994754791,0.0,0,0,107,890,0.0,0.0,1.91999995708466,0.0099999997764825,Thursday,5,May,107,1.91999995708466,High Activity,,,,,,,,,,,,,,,959.0,2739.0,99.0,0.103125,27.766355140186917,337.2601817569842,7.430555555555555,False,False
1644430081,2016-04-12,10694,3199,7.76999998092651,7.76999998092651,0.0,2,51,256,1131,0.140000000596046,2.29999995231628,5.32999992370605,0.0,Tuesday,4,April,309,7.769999876618376,High Activity,,,,,,,,,,,,,,,3200.0,10694.0,364.0,0.25277775,34.6084142394822,299.1397045072003,21.458333333333332,False,False
1644430081,2016-04-13,8001,2902,5.82000017166138,5.82000017166138,0.0,30,16,135,1259,2.27999997138977,0.899999976158142,2.64000010490417,0.0,Wednesday,4,April,181,5.820000052452082,High Activity,,,,,,,,,,,,,,,2899.0,8001.0,257.0,0.17847225,44.20441988950276,362.70466191726035,12.569444444444445,False,False
1644430081,2016-04-14,11037,3226,8.02000045776367,8.02000045776367,0.0,5,58,252,1125,0.360000014305115,2.55999994277954,5.09999990463257,0.0,Thursday,4,April,315,8.019999861717226,High Activity,,,,,,,,,,,,,,,3224.0,11037.0,383.0,0.26597224999999997,35.03809523809524,292.2895714415149,21.875,False,False
1644430081,2016-04-15,5263,2750,3.82999992370605,3.82999992370605,0.0,3,4,170,1263,0.219999998807907,0.150000005960464,3.45000004768372,0.0,Friday,4,April,177,3.820000052452091,High Activity,,,,,,,,,,,,,,,2748.0,5263.0,187.0,0.129861125,29.73446327683616,522.5156754702641,12.291666666666666,False,False
1644430081,2016-04-16,15300,3493,11.1199998855591,11.1199998855591,0.0,51,42,212,1135,4.09999990463257,1.87999999523163,5.09000015258789,0.0,Saturday,4,April,305,11.070000052452093,High Activity,,,,,,,,,,,,,,,3489.0,15223.0,449.0,0.3118055,50.16393442622951,228.30065359477123,21.180555555555554,False,True
1644430081,2016-04-17,8757,3011,6.36999988555908,6.36999988555908,0.0,29,13,186,1212,2.25,0.569999992847443,3.54999995231628,0.0,Sunday,4,April,228,6.369999945163723,High Activity,,,,,,,,,,,,,,,3007.0,8757.0,299.0,0.207638875,38.4078947368421,343.8392143428115,15.833333333333332,False,True
1644430081,2016-04-18,7132,2806,5.19000005722046,5.19000005722046,0.0,15,33,121,1271,1.07000005245209,1.66999995708466,2.45000004768372,0.0,Monday,4,April,169,5.19000005722047,High Activity,,,,,,,,,,,,,,,2804.0,7132.0,232.0,0.16111108333333332,42.201183431952664,393.4380257992148,11.73611111111111,False,False
1644430081,2016-04-19,11256,3300,8.18000030517578,8.18000030517578,0.0,5,58,278,1099,0.360000014305115,2.52999997138977,5.30000019073486,0.0,Tuesday,4,April,341,8.190000176429745,High Activity,,,,,,,,,,,,,,,3253.0,11231.0,385.0,0.26736112500000003,33.00879765395894,293.1769722814499,23.680555555555554,False,False
1644430081,2016-04-20,2436,2430,1.76999998092651,1.76999998092651,0.0,0,0,125,1315,0.0,0.0,1.75999999046326,0.0099999997764825,Wednesday,4,April,125,1.75999999046326,High Activity,,,,,,,,,,,,,,,2430.0,2436.0,125.0,0.0868055,19.488,997.5369458128079,8.680555555555555,False,False
1644430081,2016-04-21,1223,2140,0.889999985694885,0.889999985694885,0.0,0,0,38,1402,0.0,0.0,0.879999995231628,0.0099999997764825,Thursday,4,April,38,0.879999995231628,Moderate Activity,,,,,,,,,,,,,,,2135.0,1223.0,38.0,0.026388916666666668,32.18421052631579,1749.795584627964,2.638888888888889,False,False
1644430081,2016-04-22,3673,2344,2.67000007629395,2.67000007629395,0.0,0,0,86,1354,0.0,0.0,2.66000008583069,0.0099999997764825,Friday,4,April,86,2.66000008583069,High Activity,,,,,,,,,,,,,,,2341.0,3673.0,86.0,0.05972225,42.7093023255814,638.1704328886469,5.972222222222222,False,False
1644430081,2016-04-23,6637,2677,4.82999992370605,4.82999992370605,0.0,0,15,160,1265,0.0,0.579999983310699,4.25,0.0,Saturday,4,April,175,4.8299999833106995,High Activity,,,,,,,,,,,,,,,2672.0,6637.0,190.0,0.1319445,37.925714285714285,403.34488473708,12.152777777777777,False,True
1644430081,2016-04-24,3321,2413,2.41000008583069,2.41000008583069,0.0,0,0,89,1351,0.0,0.0,2.41000008583069,0.0,Sunday,4,April,89,2.41000008583069,High Activity,,,,,,,,,,,,,,,2410.0,3321.0,89.0,0.061805625,37.31460674157304,726.5883769948811,6.180555555555555,False,True
1644430081,2016-04-25,3580,2497,2.59999990463257,2.59999990463257,0.0,8,1,94,1337,0.589999973773956,0.0599999986588955,1.95000004768372,0.0,Monday,4,April,103,2.6000000201165716,High Activity,,,,,,,,,,,,,,,2493.0,3580.0,120.0,0.08333333333333333,34.75728155339806,697.4860335195531,7.152777777777778,False,False
1644430081,2016-04-26,9919,3123,7.21000003814697,7.21000003814697,0.0,11,41,223,1165,0.800000011920929,1.72000002861023,4.69000005722046,0.0,Tuesday,4,April,275,7.210000097751619,High Activity,,,,,,,,,,,,,,,3118.0,9919.0,338.0,0.23472220833333335,36.06909090909091,314.8502873273515,19.09722222222222,False,False
1644430081,2016-04-27,3032,2489,2.20000004768372,2.20000004768372,0.0,0,0,118,1322,0.0,0.0,2.20000004768372,0.0,Wednesday,4,April,118,2.20000004768372,High Activity,,,,,,,,,,,,,,,2488.0,3032.0,118.0,0.0819445,25.694915254237287,820.910290237467,8.194444444444445,False,False
1644430081,2016-04-28,9405,3108,6.84000015258789,6.84000015258789,0.0,3,53,227,1157,0.200000002980232,2.3199999332428,4.30999994277954,0.0,Thursday,4,April,283,6.829999879002572,High Activity,,,,,,,,,,,,,,,3106.0,9405.0,342.0,0.23750000000000002,33.23321554770318,330.46251993620416,19.65277777777778,False,False
1644430081,2016-04-29,3176,2498,2.30999994277954,2.30999994277954,0.0,0,0,120,1193,0.0,0.0,2.30999994277954,0.0,Friday,4,April,120,2.30999994277954,High Activity,1.0,119.0,127.0,1.98,2.12,93.7,Very Short Sleep,,,,,,,,2495.0,3176.0,120.0,0.083333375,26.466666666666665,786.5239294710327,8.333333333333332,False,False
1644430081,2016-04-30,18213,3846,13.2399997711182,13.2399997711182,0.0,9,71,402,816,0.629999995231628,3.14000010490417,9.46000003814697,0.0,Saturday,4,April,482,13.230000138282769,High Activity,1.0,124.0,142.0,2.07,2.37,87.32,Very Short Sleep,,,,,,,,3843.0,18213.0,571.0,0.3965278333333333,37.78630705394191,211.1678471421512,33.47222222222222,False,True
1644430081,2016-05-01,6132,2696,4.46000003814697,4.46000003814697,0.0,3,24,146,908,0.239999994635582,0.990000009536743,3.23000001907349,0.0,Sunday,5,May,173,4.460000023245815,High Activity,,,,,,,,,,,,,,,2690.0,6132.0,203.0,0.14097216666666668,35.445086705202314,439.66079582517943,12.01388888888889,False,True
1644430081,2016-05-02,3758,2580,2.73000001907349,2.73000001907349,0.0,1,7,148,682,0.0700000002980232,0.310000002384186,2.34999990463257,0.0,Monday,5,May,156,2.729999907314779,High Activity,1.0,796.0,961.0,13.27,16.02,82.83,Long Sleep,,,,,,,,2533.0,3728.0,142.0,0.09861116666666665,24.08974358974359,686.5353911655136,10.833333333333334,True,False
1644430081,2016-05-03,12850,3324,9.34000015258789,9.34000015258789,0.0,10,94,221,1115,0.720000028610229,4.09000015258789,4.53999996185303,0.0,Tuesday,5,May,325,9.350000143051147,High Activity,,,,,,,,,,,,,,,3320.0,12789.0,436.0,0.30277783333333336,39.53846153846154,258.6770428015564,22.569444444444446,False,False
1644430081,2016-05-04,2309,2222,1.67999994754791,1.67999994754791,0.0,0,0,52,1388,0.0,0.0,1.6599999666214,0.0199999995529652,Wednesday,5,May,52,1.6599999666214,Moderate Activity,,,,,,,,,,,,,,,2219.0,2309.0,52.0,0.036111125,44.40384615384615,962.3213512343006,3.6111111111111107,False,False
1644430081,2016-05-05,4363,2463,3.19000005722046,3.19000005722046,0.0,6,12,81,1341,0.519999980926514,0.540000021457672,2.13000011444092,0.0099999997764825,Thursday,5,May,99,3.1900001168251064,High Activity,,,,,,,,,,,,,,,2459.0,4363.0,123.0,0.08541666666666665,44.07070707070707,564.5198258079303,6.875000000000001,False,False
1644430081,2016-05-06,9787,3328,7.11999988555908,7.11999988555908,0.0,11,6,369,1054,0.819999992847443,0.270000010728836,6.01000022888184,0.0199999995529652,Friday,5,May,386,7.100000232458119,High Activity,,,,,,,,,,,,,,,3382.0,9758.0,424.0,0.2944444583333333,25.354922279792746,340.04291406968423,26.805555555555554,False,False
1644430081,2016-05-07,13372,3404,9.72000026702881,9.72000026702881,0.0,41,17,243,1139,3.25999999046326,0.790000021457672,5.67000007629395,0.0099999997764825,Saturday,5,May,301,9.72000008821488,High Activity,,,,,,,,,,,,,,,3402.0,13372.0,400.0,0.27777783333333333,44.42524916943522,254.56177086449298,20.90277777777778,False,True
1644430081,2016-05-08,6724,2987,4.8899998664856,4.8899998664856,0.0,0,0,295,991,0.0,0.0,4.88000011444092,0.0,Sunday,5,May,295,4.88000011444092,High Activity,1.0,137.0,154.0,2.28,2.57,88.96,Very Short Sleep,,,,,,,,2987.0,6724.0,295.0,0.204861125,22.79322033898305,444.2296252230815,20.48611111111111,False,True
1644430081,2016-05-09,6643,3008,4.82999992370605,4.82999992370605,0.0,32,6,303,1099,2.39000010490417,0.349999994039536,2.08999991416931,0.0099999997764825,Monday,5,May,341,4.8300000131130165,High Activity,,,,,,,,,,,,,,,3004.0,6643.0,411.0,0.28541675,19.480938416422287,452.80746650609666,23.680555555555554,False,False
1644430081,2016-05-10,9167,2799,6.65999984741211,6.65999984741211,0.0,12,19,155,1254,0.879999995231628,0.810000002384186,4.96999979019165,0.0099999997764825,Tuesday,5,May,186,6.659999787807465,High Activity,,,,,,,,,,,,,,,2795.0,9167.0,229.0,0.15902779166666667,49.284946236559136,305.3343514781281,12.916666666666668,False,False
1644430081,2016-05-11,1329,1276,0.970000028610229,0.970000028610229,0.0,0,0,49,713,0.0,0.0,0.949999988079071,0.0099999997764825,Wednesday,5,May,49,0.949999988079071,Moderate Activity,,,,,,,,,,,,,,,1179.0,989.0,40.0,0.05555541666666667,27.122448979591837,960.1203912716328,3.4027777777777777,False,False
1844505072,2016-04-12,6697,2030,4.42999982833862,4.42999982833862,0.0,0,0,339,1101,0.0,0.0,4.42999982833862,0.0,Tuesday,4,April,339,4.42999982833862,High Activity,,,,,,,,,,,,,,,2031.0,6697.0,339.0,0.23541662500000002,19.755162241887906,303.1208003583694,23.541666666666668,False,False
1844505072,2016-04-13,4929,1860,3.25999999046326,3.25999999046326,0.0,0,0,248,1192,0.0,0.0,3.25999999046326,0.0,Wednesday,4,April,248,3.25999999046326,High Activity,,,,,,,,,,,,,,,1860.0,4929.0,248.0,0.17222229166666667,19.875,377.3584905660377,17.22222222222222,False,False
1844505072,2016-04-14,7937,2130,5.25,5.25,0.0,0,0,373,843,0.0,0.0,5.23000001907349,0.0,Thursday,4,April,373,5.23000001907349,High Activity,,,,,,,,,,,,,,,2128.0,7905.0,373.0,0.25902783333333335,21.27882037533512,268.36336147158875,25.90277777777778,False,False
1844505072,2016-04-15,3844,1725,2.53999996185303,2.53999996185303,0.0,0,0,176,527,0.0,0.0,2.53999996185303,0.0,Friday,4,April,176,2.53999996185303,High Activity,1.0,644.0,961.0,10.73,16.02,67.01,Long Sleep,,,,,,,,1723.0,3844.0,176.0,0.12222220833333335,21.84090909090909,448.7513007284079,12.222222222222221,True,False
1844505072,2016-04-16,3414,1657,2.25999999046326,2.25999999046326,0.0,0,0,147,1293,0.0,0.0,2.25999999046326,0.0,Saturday,4,April,147,2.25999999046326,High Activity,,,,,,,,,,,,,,,1656.0,3414.0,147.0,0.10208333333333335,23.224489795918366,485.35442296426476,10.208333333333334,False,True
1844505072,2016-04-17,4525,1793,2.99000000953674,2.99000000953674,0.0,2,8,199,1231,0.140000000596046,0.259999990463257,2.58999991416931,0.0,Sunday,4,April,209,2.989999905228613,High Activity,,,,,,,,,,,,,,,1792.0,4525.0,221.0,0.15347220833333333,21.650717703349283,396.2430939226519,14.51388888888889,False,True
1844505072,2016-04-18,4597,1814,3.03999996185303,3.03999996185303,0.0,0,12,217,1211,0.0,0.479999989271164,2.55999994277954,0.0,Monday,4,April,229,3.039999932050704,High Activity,,,,,,,,,,,,,,,1814.0,4597.0,241.0,0.167361125,20.074235807860262,394.60517728953664,15.902777777777777,False,False
1844505072,2016-04-19,197,1366,0.129999995231628,0.129999995231628,0.0,0,0,10,1430,0.0,0.0,0.129999995231628,0.0,Tuesday,4,April,10,0.129999995231628,Low Activity,,,,,,,,,,,,,,,1364.0,197.0,10.0,0.006944458333333334,19.7,6934.010152284263,0.6944444444444444,False,False
1844505072,2016-04-20,8,1349,0.0099999997764825,0.0099999997764825,0.0,0,0,1,1439,0.0,0.0,0.0099999997764825,0.0,Wednesday,4,April,1,0.0099999997764825,Low Activity,,,,,,,,,,,,,,,1346.0,8.0,1.0,0.0006944583333333334,8.0,168625.0,0.06944444444444445,False,False
1844505072,2016-04-21,8054,2062,5.32000017166138,5.32000017166138,0.0,2,13,308,1117,0.119999997317791,0.519999980926514,4.67999982833862,0.0,Thursday,4,April,323,5.319999806582925,High Activity,,,,,,,,,,,,,,,2063.0,8054.0,340.0,0.23611116666666665,24.934984520123837,256.02185249565434,22.430555555555557,False,False
1844505072,2016-04-22,5372,1827,3.54999995231628,3.54999995231628,0.0,0,0,220,1220,0.0,0.0,3.54999995231628,0.0,Friday,4,April,220,3.54999995231628,High Activity,,,,,,,,,,,,,,,1828.0,5372.0,220.0,0.15277775000000002,24.418181818181818,340.09679821295606,15.277777777777779,False,False
1844505072,2016-04-23,3570,1645,2.35999989509583,2.35999989509583,0.0,0,0,139,1301,0.0,0.0,2.35999989509583,0.0,Saturday,4,April,139,2.35999989509583,High Activity,,,,,,,,,,,,,,,1643.0,3570.0,139.0,0.09652783333333333,25.68345323741007,460.7843137254902,9.652777777777779,False,True
1844505072,2016-04-24,0,1347,0.0,0.0,0.0,0,0,0,1440,0.0,0.0,0.0,0.0,Sunday,4,April,0,0.0,Sedentary,,,,,,,,,,,,,,,1344.0,0.0,0.0,0.0,,,0.0,False,True
1844505072,2016-04-25,0,1347,0.0,0.0,0.0,0,0,0,1440,0.0,0.0,0.0,0.0,Monday,4,April,0,0.0,Sedentary,,,,,,,,,,,,,,,1344.0,0.0,0.0,0.0,,,0.0,False,False
1844505072,2016-04-26,0,1347,0.0,0.0,0.0,0,0,0,1440,0.0,0.0,0.0,0.0,Tuesday,4,April,0,0.0,Sedentary,,,,,,,,,,,,,,,1344.0,0.0,0.0,0.0,,,0.0,False,False
1844505072,2016-04-27,4,1348,0.0,0.0,0.0,0,0,1,1439,0.0,0.0,0.0,0.0,Wednesday,4,April,1,0.0,Low Activity,,,,,,,,,,,,,,,1346.0,4.0,1.0,0.0006944583333333334,4.0,337000.0,0.06944444444444445,False,False
1844505072,2016-04-28,6907,1992,4.57000017166138,4.57000017166138,0.0,0,0,302,1138,0.0,0.0,4.55999994277954,0.0,Thursday,4,April,302,4.55999994277954,High Activity,,,,,,,,,,,,,,,1993.0,6899.0,302.0,0.20972225,22.870860927152318,288.40306934993487,20.97222222222222,False,False
1844505072,2016-04-29,4920,1856,3.25,3.25,0.0,0,0,247,1082,0.0,0.0,3.25,0.0,Friday,4,April,247,3.25,High Activity,,,,,,,,,,,,,,,1855.0,4920.0,247.0,0.17152779166666665,19.91902834008097,377.2357723577236,17.15277777777778,False,False
1844505072,2016-04-30,4014,1763,2.67000007629395,2.67000007629395,0.0,0,0,184,218,0.0,0.0,2.65000009536743,0.0,Saturday,4,April,184,2.65000009536743,High Activity,1.0,722.0,961.0,12.03,16.02,75.13,Long Sleep,,,,,,,,1763.0,4014.0,184.0,0.127777875,21.815217391304348,439.21275535625307,12.777777777777777,True,True
1844505072,2016-05-01,2573,1541,1.70000004768372,1.70000004768372,0.0,0,7,75,585,0.0,0.259999990463257,1.45000004768372,0.0,Sunday,5,May,82,1.710000038146977,High Activity,1.0,590.0,961.0,9.83,16.02,61.39,Long Sleep,,,,,,,,1539.0,2573.0,89.0,0.06180558333333334,31.378048780487806,598.9117761368053,5.694444444444445,True,True
1844505072,2016-05-02,0,1348,0.0,0.0,0.0,0,0,0,1440,0.0,0.0,0.0,0.0,Monday,5,May,0,0.0,Sedentary,,,,,,,,,,,,,,,1345.0,0.0,0.0,0.0,,,0.0,False,False
1844505072,2016-05-03,4059,1742,2.6800000667572,2.6800000667572,0.0,0,0,184,1256,0.0,0.0,2.6800000667572,0.0,Tuesday,5,May,184,2.6800000667572,High Activity,,,,,,,,,,,,,,,1742.0,4059.0,184.0,0.12777779166666667,22.059782608695652,429.169746242917,12.777777777777777,False,False
1844505072,2016-05-04,2080,1549,1.37000000476837,1.37000000476837,0.0,0,0,87,1353,0.0,0.0,1.37000000476837,0.0,Wednesday,5,May,87,1.37000000476837,High Activity,,,,,,,,,,,,,,,1547.0,2080.0,87.0,0.06041666666666667,23.908045977011493,744.7115384615385,6.041666666666667,False,False
1844505072,2016-05-05,2237,1589,1.48000001907349,1.48000001907349,0.0,0,0,120,1320,0.0,0.0,1.48000001907349,0.0,Thursday,5,May,120,1.48000001907349,High Activity,,,,,,,,,,,,,,,1587.0,2237.0,120.0,0.08333333333333333,18.641666666666666,710.3263299061242,8.333333333333332,False,False
1844505072,2016-05-06,44,1351,0.0299999993294477,0.0299999993294477,0.0,0,0,2,1438,0.0,0.0,0.0299999993294477,0.0,Friday,5,May,2,0.0299999993294477,Low Activity,,,,,,,,,,,,,,,1348.0,44.0,2.0,0.0013888750000000001,22.0,30704.545454545456,0.1388888888888889,False,False
1844505072,2016-05-07,0,1347,0.0,0.0,0.0,0,0,0,1440,0.0,0.0,0.0,0.0,Saturday,5,May,0,0.0,Sedentary,,,,,,,,,,,,,,,1344.0,0.0,0.0,0.0,,,0.0,False,True
1844505072,2016-05-08,0,1347,0.0,0.0,0.0,0,0,0,1440,0.0,0.0,0.0,0.0,Sunday,5,May,0,0.0,Sedentary,,,,,,,,,,,,,,,1344.0,0.0,0.0,0.0,,,0.0,False,True
1844505072,2016-05-09,0,1347,0.0,0.0,0.0,0,0,0,1440,0.0,0.0,0.0,0.0,Monday,5,May,0,0.0,Sedentary,,,,,,,,,,,,,,,1344.0,0.0,0.0,0.0,,,0.0,False,False
1844505072,2016-05-10,0,1347,0.0,0.0,0.0,0,0,0,1440,0.0,0.0,0.0,0.0,Tuesday,5,May,0,0.0,Sedentary,,,,,,,,,,,,,,,1344.0,0.0,0.0,0.0,,,0.0,False,False
1844505072,2016-05-11,0,1347,0.0,0.0,0.0,0,0,0,1440,0.0,0.0,0.0,0.0,Wednesday,5,May,0,0.0,Sedentary,,,,,,,,,,,,,,,1344.0,0.0,0.0,0.0,,,0.0,False,False
1844505072,2016-05-12,0,665,0.0,0.0,0.0,0,0,0,711,0.0,0.0,0.0,0.0,Thursday,5,May,0,0.0,Sedentary,,,,,,,,,,,,,,,616.0,0.0,0.0,0.0,,,0.0,False,False
1927972279,2016-04-12,678,2220,0.469999998807907,0.469999998807907,0.0,0,0,55,734,0.0,0.0,0.469999998807907,0.0,Tuesday,4,April,55,0.469999998807907,Moderate Activity,3.0,750.0,775.0,12.5,12.92,96.77,Long Sleep,,,,,,,,2195.0,678.0,55.0,0.03819441666666667,12.327272727272728,3274.3362831858403,3.8194444444444446,True,False
1927972279,2016-04-13,356,2151,0.25,0.25,0.0,0,0,32,986,0.0,0.0,0.25,0.0,Wednesday,4,April,32,0.25,Moderate Activity,1.0,398.0,422.0,6.63,7.03,94.31,Short Sleep,,,,,,,,2150.0,356.0,32.0,0.022222208333333337,11.125,6042.134831460675,2.2222222222222223,False,False
1927972279,2016-04-14,2163,2383,1.5,1.5,0.0,0,9,88,1292,0.0,0.400000005960464,1.10000002384186,0.0,Thursday,4,April,97,1.500000029802324,High Activity,,,,,,,,,,,,,,,2382.0,2163.0,106.0,0.07361116666666667,22.298969072164947,1101.7105871474805,6.736111111111111,False,False
1927972279,2016-04-15,980,2221,0.680000007152557,0.680000007152557,0.0,0,0,51,941,0.0,0.0,0.680000007152557,0.0,Friday,4,April,51,0.680000007152557,Moderate Activity,2.0,475.0,499.0,7.92,8.32,95.19,Recommended Range,,,,,,,,2222.0,980.0,51.0,0.035416666666666666,19.215686274509803,2266.326530612245,3.5416666666666665,True,False
1927972279,2016-04-16,0,2064,0.0,0.0,0.0,0,0,0,1440,0.0,0.0,0.0,0.0,Saturday,4,April,0,0.0,Sedentary,,,,,,,,,,,,,,,2064.0,0.0,0.0,0.0,,,0.0,False,True
1927972279,2016-04-17,0,2063,0.0,0.0,0.0,0,0,0,1440,0.0,0.0,0.0,0.0,Sunday,4,April,0,0.0,Sedentary,,,,,,,,,,,,,,,2064.0,0.0,0.0,0.0,,,0.0,False,True
1927972279,2016-04-18,244,2111,0.170000001788139,0.170000001788139,0.0,0,0,17,1423,0.0,0.0,0.170000001788139,0.0,Monday,4,April,17,0.170000001788139,Low Activity,,,,,,,,,,,,,,,2112.0,244.0,17.0,0.011805583333333335,14.352941176470589,8651.639344262296,1.1805555555555556,False,False
1927972279,2016-04-19,0,2063,0.0,0.0,0.0,0,0,0,1440,0.0,0.0,0.0,0.0,Tuesday,4,April,0,0.0,Sedentary,,,,,,,,,,,,,,,2064.0,0.0,0.0,0.0,,,0.0,False,False
1927972279,2016-04-20,0,2063,0.0,0.0,0.0,0,0,0,1440,0.0,0.0,0.0,0.0,Wednesday,4,April,0,0.0,Sedentary,,,,,,,,,,,,,,,2064.0,0.0,0.0,0.0,,,0.0,False,False
1927972279,2016-04-21,0,2064,0.0,0.0,0.0,0,0,0,1440,0.0,0.0,0.0,0.0,Thursday,4,April,0,0.0,Sedentary,,,,,,,,,,,,,,,2065.0,0.0,0.0,0.0,,,0.0,False,False
1927972279,2016-04-22,149,2093,0.100000001490116,0.100000001490116,0.0,0,0,10,1430,0.0,0.0,0.100000001490116,0.0,Friday,4,April,10,0.100000001490116,Low Activity,,,,,,,,,,,,,,,2094.0,149.0,10.0,0.006944458333333334,14.9,14046.979865771813,0.6944444444444444,False,False
1927972279,2016-04-23,2945,2499,2.03999996185303,2.03999996185303,0.0,0,0,145,1295,0.0,0.0,2.03999996185303,0.0,Saturday,4,April,145,2.03999996185303,High Activity,,,,,,,,,,,,,,,2500.0,2945.0,145.0,0.10069441666666668,20.310344827586206,848.5568760611205,10.069444444444445,False,True
1927972279,2016-04-24,2090,2324,1.45000004768372,1.45000004768372,0.0,1,6,75,1358,0.0700000002980232,0.239999994635582,1.13999998569489,0.0,Sunday,4,April,82,1.449999980628495,High Activity,,,,,,,,,,,,,,,2326.0,2090.0,90.0,0.06250004166666666,25.48780487804878,1111.9617224880383,5.694444444444445,False,True
1927972279,2016-04-25,152,2100,0.109999999403954,0.109999999403954,0.0,0,0,12,1303,0.0,0.0,0.109999999403954,0.0,Monday,4,April,12,0.109999999403954,Low Activity,,,,,,,,,,,,,,,2100.0,152.0,12.0,0.008333333333333333,12.666666666666666,13815.789473684212,0.8333333333333334,False,False
1927972279,2016-04-26,3761,2638,2.59999990463257,2.59999990463257,0.0,0,0,192,1058,0.0,0.0,2.59999990463257,0.0,Tuesday,4,April,192,2.59999990463257,High Activity,1.0,296.0,315.0,4.93,5.25,93.97,Very Short Sleep,,,,,,,,2638.0,3761.0,192.0,0.133333375,19.588541666666668,701.4091996809359,13.333333333333334,False,False
1927972279,2016-04-27,0,2063,0.0,0.0,0.0,0,0,0,1440,0.0,0.0,0.0,0.0,Wednesday,4,April,0,0.0,Sedentary,,,,,,,,,,,,,,,2064.0,0.0,0.0,0.0,,,0.0,False,False
1927972279,2016-04-28,1675,2351,1.1599999666214,1.1599999666214,0.0,0,0,95,1167,0.0,0.0,1.1599999666214,0.0,Thursday,4,April,95,1.1599999666214,High Activity,1.0,166.0,178.0,2.77,2.97,93.26,Very Short Sleep,,,,,,,,2351.0,1675.0,95.0,0.06597225,17.63157894736842,1403.5820895522388,6.597222222222222,False,False
1927972279,2016-04-29,0,2063,0.0,0.0,0.0,0,0,0,1440,0.0,0.0,0.0,0.0,Friday,4,April,0,0.0,Sedentary,,,,,,,,,,,,,,,2064.0,0.0,0.0,0.0,,,0.0,False,False
1927972279,2016-04-30,0,2064,0.0,0.0,0.0,0,0,0,1440,0.0,0.0,0.0,0.0,Saturday,4,April,0,0.0,Sedentary,,,,,,,,,,,,,,,2064.0,0.0,0.0,0.0,,,0.0,False,True
1927972279,2016-05-01,2704,2411,1.87000000476837,1.87000000476837,0.0,14,1,70,1355,1.00999999046326,0.0299999993294477,0.829999983310699,0.0,Sunday,5,May,85,1.8699999731034067,High Activity,,,,,,,,,,,,,,,2411.0,2704.0,114.0,0.07916666666666668,31.811764705882354,891.6420118343194,5.902777777777778,False,True
1927972279,2016-05-02,3790,2505,2.61999988555908,2.61999988555908,0.0,16,8,94,1322,1.1599999666214,0.300000011920929,1.1599999666214,0.0,Monday,5,May,118,2.619999945163729,High Activity,,,,,,,,,,,,,,,2506.0,3790.0,158.0,0.10972225000000001,32.11864406779661,660.9498680738786,8.194444444444445,False,False
1927972279,2016-05-03,1326,2195,0.920000016689301,0.920000016689301,0.0,10,0,17,1413,0.730000019073486,0.0,0.180000007152557,0.0,Tuesday,5,May,27,0.910000026226043,Low Activity,,,,,,,,,,,,,,,2197.0,1326.0,47.0,0.03263891666666666,49.111111111111114,1655.3544494720963,1.875,False,False
1927972279,2016-05-04,1786,2338,1.24000000953674,1.24000000953674,0.0,0,0,87,1353,0.0,0.0,1.24000000953674,0.0,Wednesday,5,May,87,1.24000000953674,High Activity,,,,,,,,,,,,,,,2340.0,1786.0,87.0,0.06041679166666667,20.528735632183906,1309.0705487122061,6.041666666666667,False,False
1927972279,2016-05-05,0,2063,0.0,0.0,0.0,0,0,0,1440,0.0,0.0,0.0,0.0,Thursday,5,May,0,0.0,Sedentary,,,,,,,,,,,,,,,2064.0,0.0,0.0,0.0,,,0.0,False,False
1927972279,2016-05-06,2091,2383,1.45000004768372,1.45000004768372,0.0,0,0,108,1332,0.0,0.0,1.45000004768372,0.0,Friday,5,May,108,1.45000004768372,High Activity,,,,,,,,,,,,,,,2384.0,2091.0,108.0,0.075,19.36111111111111,1139.6461023433762,7.5,False,False
1927972279,2016-05-07,1510,2229,1.03999996185303,1.03999996185303,0.0,0,0,48,1392,0.0,0.0,1.03999996185303,0.0,Saturday,5,May,48,1.03999996185303,Moderate Activity,,,,,,,,,,,,,,,2230.0,1510.0,48.0,0.03333333333333333,31.458333333333332,1476.158940397351,3.3333333333333335,False,True
1927972279,2016-05-08,0,2063,0.0,0.0,0.0,0,0,0,1440,0.0,0.0,0.0,0.0,Sunday,5,May,0,0.0,Sedentary,,,,,,,,,,,,,,,2064.0,0.0,0.0,0.0,,,0.0,False,True
1927972279,2016-05-09,0,2063,0.0,0.0,0.0,0,0,0,1440,0.0,0.0,0.0,0.0,Monday,5,May,0,0.0,Sedentary,,,,,,,,,,,,,,,2064.0,0.0,0.0,0.0,,,0.0,False,False
1927972279,2016-05-10,0,2063,0.0,0.0,0.0,0,0,0,1440,0.0,0.0,0.0,0.0,Tuesday,5,May,0,0.0,Sedentary,,,,,,,,,,,,,,,2064.0,0.0,0.0,0.0,,,0.0,False,False
1927972279,2016-05-11,0,2063,0.0,0.0,0.0,0,0,0,1440,0.0,0.0,0.0,0.0,Wednesday,5,May,0,0.0,Sedentary,,,,,,,,,,,,,,,2064.0,0.0,0.0,0.0,,,0.0,False,False
1927972279,2016-05-12,0,1383,0.0,0.0,0.0,0,0,0,966,0.0,0.0,0.0,0.0,Thursday,5,May,0,0.0,Sedentary,,,,,,,,,,,,,,,1376.0,0.0,0.0,0.0,,,0.0,False,False
2022484408,2016-04-12,11875,2390,8.34000015258789,8.34000015258789,0.0,42,14,227,1157,3.30999994277954,0.769999980926514,4.26000022888184,0.0,Tuesday,4,April,283,8.340000152587894,High Activity,,,,,,,,75.8,52.0,134.0,4836.0,,,,2386.0,11875.0,381.0,0.264583375,41.96113074204947,201.26315789473685,19.65277777777778,False,False
2022484408,2016-04-13,12024,2601,8.5,8.5,0.0,43,5,292,1100,2.99000000953674,0.100000001490116,5.40999984741211,0.0,Wednesday,4,April,340,8.499999858438967,High Activity,,,,,,,,80.34,51.0,156.0,5332.0,,,,2599.0,12024.0,431.0,0.29930558333333335,35.36470588235294,216.3173652694611,23.61111111111111,False,False
2022484408,2016-04-14,10690,2312,7.5,7.5,0.0,32,3,257,1148,2.48000001907349,0.209999993443489,4.82000017166138,0.0,Thursday,4,April,292,7.510000184178359,High Activity,,,,,,,,72.63,50.0,127.0,5560.0,,,,2310.0,10690.0,359.0,0.24930554166666666,36.60958904109589,216.27689429373248,20.27777777777778,False,False
2022484408,2016-04-15,11034,2525,8.02999973297119,8.02999973297119,0.0,27,9,282,1122,1.94000005722046,0.310000002384186,5.78000020980835,0.0,Friday,4,April,318,8.030000269412996,High Activity,,,,,,,,80.44,53.0,189.0,5302.0,,,,2525.0,11034.0,381.0,0.26458333333333334,34.698113207547166,228.83813666847922,22.083333333333332,False,False
2022484408,2016-04-16,10100,2177,7.09000015258789,7.09000015258789,0.0,41,11,151,1237,3.15000009536743,0.550000011920929,3.39000010490417,0.0,Saturday,4,April,203,7.090000212192528,High Activity,,,,,,,,75.96,49.0,136.0,3143.0,,,,2174.0,10100.0,296.0,0.20555562500000002,49.75369458128079,215.54455445544556,14.097222222222221,False,True
2022484408,2016-04-17,15112,2782,11.3999996185303,11.3999996185303,0.0,28,29,331,1052,3.86999988555908,0.660000026226044,6.88000011444092,0.0,Sunday,4,April,388,11.410000026226044,High Activity,,,,,,,,83.92,52.0,161.0,4948.0,,,,2781.0,15112.0,473.0,0.3284722083333333,38.94845360824742,184.09211222869243,26.944444444444443,False,True
2022484408,2016-04-18,14131,2770,10.0699996948242,10.0699996948242,0.0,48,3,311,1078,3.64000010490417,0.119999997317791,6.30000019073486,0.0,Monday,4,April,362,10.06000029295682,High Activity,,,,,,,,82.71,54.0,153.0,5589.0,,,,2768.0,14131.0,461.0,0.32013891666666666,39.03591160220994,196.02292831363667,25.13888888888889,False,False
2022484408,2016-04-19,11548,2489,8.52999973297119,8.52999973297119,0.0,31,7,250,1152,3.28999996185303,0.239999994635582,5.0,0.0,Tuesday,4,April,288,8.529999956488613,High Activity,,,,,,,,81.95,54.0,162.0,4500.0,,,,2484.0,11548.0,357.0,0.247916625,40.09722222222222,215.53515760304813,20.0,False,False
2022484408,2016-04-20,15112,2897,10.6700000762939,10.6700000762939,0.0,48,63,276,1053,3.33999991416931,1.92999994754791,5.40000009536743,0.0,Wednesday,4,April,387,10.66999995708465,High Activity,,,,,,,,83.44,50.0,166.0,6040.0,,,,2896.0,15112.0,546.0,0.37916675,39.049095607235145,191.70195870831128,26.875,False,False
2022484408,2016-04-21,12453,3158,8.73999977111816,8.73999977111816,0.0,104,53,255,1028,3.32999992370605,1.11000001430511,4.30999994277954,0.0,Thursday,4,April,412,8.7499998807907,High Activity,,,,,,,,86.37,53.0,203.0,5544.0,,,,3157.0,12453.0,673.0,0.46736112500000004,30.225728155339805,253.59351160362965,28.61111111111111,False,False
2022484408,2016-04-22,12954,2638,9.32999992370605,9.32999992370605,0.0,52,10,273,1105,4.42999982833862,0.419999986886978,4.46999979019165,0.0,Friday,4,April,335,9.319999605417248,High Activity,,,,,,,,80.13,52.0,153.0,5636.0,,,,2637.0,12954.0,449.0,0.3118055416666667,38.668656716417914,203.64366218928515,23.26388888888889,False,False
2022484408,2016-04-23,6001,2069,4.21000003814697,4.21000003814697,0.0,0,0,249,1191,0.0,0.0,4.21000003814697,0.0,Saturday,4,April,249,4.21000003814697,High Activity,,,,,,,,71.76,50.0,109.0,4178.0,,,,2065.0,6001.0,249.0,0.17291674999999998,24.100401606425702,344.7758706882186,17.291666666666668,False,True
2022484408,2016-04-24,13481,2529,10.2799997329712,10.2799997329712,0.0,37,26,216,1161,4.55000019073486,1.14999997615814,4.57999992370605,0.0,Sunday,4,April,279,10.28000009059905,High Activity,,,,,,,,82.42,53.0,163.0,4209.0,,,,2526.0,13481.0,379.0,0.26319441666666665,48.318996415770606,187.5973592463467,19.375,False,True
2022484408,2016-04-25,11369,2470,8.01000022888184,8.01000022888184,0.0,44,8,217,1171,3.32999992370605,0.219999998807907,4.46000003814697,0.0,Monday,4,April,269,8.009999960660927,High Activity,,,,,,,,82.6,49.0,159.0,3812.0,,,,2466.0,11369.0,365.0,0.2534722916666667,42.2639405204461,217.25745448148476,18.680555555555557,False,False
2022484408,2016-04-26,10119,2793,7.19000005722046,7.19000005722046,0.0,55,24,275,1086,1.42999994754791,0.660000026226044,5.1100001335144,0.0,Tuesday,4,April,354,7.2000001072883535,High Activity,,,,,,,,83.28,51.0,154.0,5586.0,,,,2790.0,10119.0,488.0,0.33888887500000003,28.584745762711865,276.01541654313667,24.583333333333332,False,False
2022484408,2016-04-27,10159,2463,7.13000011444092,7.13000011444092,0.0,19,20,282,1119,1.03999996185303,0.970000028610229,5.11999988555908,0.0,Wednesday,4,April,321,7.129999876022339,High Activity,,,,,,,,80.9,38.0,145.0,4441.0,,,,2458.0,10159.0,379.0,0.2631944583333333,31.64797507788162,242.4451225514322,22.291666666666668,False,False
2022484408,2016-04-28,10140,2296,7.11999988555908,7.11999988555908,0.0,6,20,291,1123,0.409999996423721,1.33000004291534,5.3899998664856,0.0,Thursday,4,April,317,7.129999905824661,High Activity,,,,,,,,71.25,51.0,114.0,5561.0,,,,2295.0,10140.0,349.0,0.24236116666666666,31.98738170347003,226.4299802761341,22.01388888888889,False,False
2022484408,2016-04-29,10245,2611,7.19000005722046,7.19000005722046,0.0,21,40,281,1098,0.479999989271164,1.21000003814697,5.5,0.0,Friday,4,April,342,7.190000027418134,High Activity,,,,,,,,83.41,50.0,134.0,4832.0,,,,2608.0,10245.0,424.0,0.29444437500000004,29.95614035087719,254.85602733040508,23.75,False,False
2022484408,2016-04-30,18387,2732,12.9099998474121,12.9099998474121,0.0,13,23,361,1043,0.939999997615814,1.39999997615814,10.5699996948242,0.0,Saturday,4,April,397,12.909999668598154,High Activity,,,,,,,,77.55,51.0,123.0,5486.0,,,,2729.0,18387.0,446.0,0.30972220833333336,46.31486146095718,148.5832381573938,27.569444444444446,False,True
2022484408,2016-05-01,10538,2380,7.40000009536743,7.40000009536743,0.0,25,28,245,1142,1.94000005722046,0.959999978542328,4.5,0.0,Sunday,5,May,298,7.400000035762789,High Activity,,,,,,,,73.53,44.0,118.0,4482.0,,,,2377.0,10538.0,376.0,0.26111100000000004,35.36241610738255,225.84930726893148,20.694444444444443,False,True
2022484408,2016-05-02,10379,2473,7.28999996185303,7.28999996185303,0.0,36,8,277,1119,2.60999989509583,0.340000003576279,4.32999992370605,0.0,Monday,5,May,321,7.27999982237816,High Activity,,,,,,,,77.17,50.0,137.0,7814.0,,,,2472.0,10379.0,401.0,0.27847220833333336,32.333333333333336,238.2695828114462,22.291666666666668,False,False
2022484408,2016-05-03,12183,2752,8.73999977111816,8.73999977111816,0.0,72,14,250,1104,3.99000000953674,0.46000000834465,4.28000020980835,0.0,Tuesday,5,May,336,8.73000022768974,High Activity,,,,,,,,83.02,51.0,169.0,5708.0,,,,2750.0,12183.0,494.0,0.3430555416666667,36.25892857142857,225.8885332020028,23.333333333333332,False,False
2022484408,2016-05-04,11768,2649,8.28999996185303,8.28999996185303,0.0,36,27,272,1105,2.50999999046326,0.930000007152557,4.84999990463257,0.0,Wednesday,5,May,335,8.289999902248386,High Activity,,,,,,,,82.8,54.0,159.0,6225.0,,,,2647.0,11768.0,434.0,0.3013889166666667,35.12835820895523,225.10197144799454,23.26388888888889,False,False
2022484408,2016-05-05,11895,2609,8.35000038146973,8.35000038146973,0.0,55,20,253,1112,2.78999996185303,0.860000014305115,4.69999980926514,0.0,Thursday,5,May,328,8.349999785423286,High Activity,,,,,,,,80.71,55.0,156.0,6749.0,,,,2606.0,11895.0,458.0,0.318055625,36.265243902439025,219.33585540142917,22.77777777777778,False,False
2022484408,2016-05-06,10227,2498,7.17999982833862,7.17999982833862,0.0,24,17,295,1104,1.87000000476837,0.670000016689301,4.6399998664856,0.0,Friday,5,May,336,7.179999887943271,High Activity,,,,,,,,81.72,60.0,118.0,5358.0,,,,2497.0,10227.0,401.0,0.278472125,30.4375,244.25540236628532,23.333333333333332,False,False
2022484408,2016-05-07,6708,1995,4.71000003814697,4.71000003814697,0.0,20,2,149,1269,1.61000001430511,0.0799999982118607,3.01999998092651,0.0,Saturday,5,May,171,4.709999993443481,High Activity,,,,,,,,76.07,52.0,128.0,2596.0,,,,1992.0,6708.0,213.0,0.14791666666666667,39.228070175438596,297.40608228980324,11.875,False,True
2022484408,2016-05-08,3292,1848,2.30999994277954,2.30999994277954,0.0,0,0,135,1305,0.0,0.0,2.30999994277954,0.0,Sunday,5,May,135,2.30999994277954,High Activity,,,,,,,,76.96,53.0,127.0,1720.0,,,,1842.0,3292.0,135.0,0.09375,24.385185185185186,561.3608748481166,9.375,False,True
2022484408,2016-05-09,13379,2709,9.39000034332275,9.39000034332275,0.0,35,47,297,1061,2.11999988555908,1.62999999523163,5.6399998664856,0.0,Monday,5,May,379,9.38999974727631,High Activity,,,,,,,,81.51,51.0,133.0,6249.0,,,,2709.0,13379.0,496.0,0.3444444583333333,35.300791556728235,202.48150085955604,26.319444444444446,False,False
2022484408,2016-05-10,12798,2797,8.97999954223633,8.97999954223633,0.0,57,28,271,1084,2.22000002861023,1.21000003814697,5.55999994277954,0.0,Tuesday,5,May,356,8.99000000953674,High Activity,,,,,,,,86.58,57.0,166.0,4894.0,,,,2795.0,12798.0,498.0,0.345833375,35.949438202247194,218.54977340209408,24.72222222222222,False,False
2022484408,2016-05-11,13272,2544,9.31999969482422,9.31999969482422,0.0,58,25,224,1133,4.17999982833862,1.14999997615814,3.99000000953674,0.0,Wednesday,5,May,307,9.3199998140335,High Activity,,,,,,,,83.52,55.0,138.0,4247.0,,,,2542.0,13272.0,448.0,0.311111125,43.23127035830619,191.68173598553346,21.319444444444443,False,False
2022484408,2016-05-12,9117,1853,6.40999984741211,6.40999984741211,0.0,16,16,236,728,1.27999997138977,0.670000016689301,4.44000005722046,0.0,Thursday,5,May,268,6.390000045299531,High Activity,,,,,,,,81.41,55.0,152.0,3527.0,,,,1750.0,8339.0,295.0,0.307291625,34.01865671641791,203.24668202259514,18.61111111111111,False,False
2026352035,2016-04-12,4414,1459,2.74000000953674,2.74000000953674,0.0,3,8,181,706,0.189999997615814,0.349999994039536,2.20000004768372,0.0,Tuesday,4,April,192,2.74000003933907,High Activity,1.0,503.0,546.0,8.38,9.1,92.12,Recommended Range,,,,,,,,1460.0,4414.0,206.0,0.14305554166666667,22.989583333333332,330.53919347530586,13.333333333333334,True,False
2026352035,2016-04-13,4993,1521,3.09999990463257,3.09999990463257,0.0,0,0,238,663,0.0,0.0,3.09999990463257,0.0,Wednesday,4,April,238,3.09999990463257,High Activity,1.0,531.0,565.0,8.85,9.42,93.98,Recommended Range,,,,,,,,1523.0,4993.0,238.0,0.165277875,20.978991596638654,304.62647706789505,16.52777777777778,True,False
2026352035,2016-04-14,3335,1431,2.0699999332428,2.0699999332428,0.0,0,0,197,653,0.0,0.0,2.04999995231628,0.0,Thursday,4,April,197,2.04999995231628,High Activity,1.0,545.0,568.0,9.08,9.47,95.95,Long Sleep,,,,,,,,1435.0,3305.0,197.0,0.13680545833333332,16.928934010152282,429.0854572713643,13.680555555555557,True,False
2026352035,2016-04-15,3821,1444,2.36999988555908,2.36999988555908,0.0,0,0,188,687,0.0,0.0,2.36999988555908,0.0,Friday,4,April,188,2.36999988555908,High Activity,1.0,523.0,573.0,8.72,9.55,91.27,Recommended Range,,,,,,,,1445.0,3821.0,188.0,0.1305555,20.324468085106382,377.9115414812876,13.055555555555557,True,False
2026352035,2016-04-16,2547,1373,1.58000004291534,1.58000004291534,0.0,0,0,150,728,0.0,0.0,1.58000004291534,0.0,Saturday,4,April,150,1.58000004291534,High Activity,1.0,524.0,567.0,8.73,9.45,92.42,Recommended Range,,,,,,,,1375.0,2547.0,150.0,0.104166625,16.98,539.0655673341186,10.416666666666668,True,True
2026352035,2016-04-17,838,1214,0.519999980926514,0.519999980926514,0.0,0,0,60,1053,0.0,0.0,0.519999980926514,0.0,Sunday,4,April,60,0.519999980926514,High Activity,1.0,437.0,498.0,7.28,8.3,87.75,Recommended Range,68.66,63.0,80.0,192.0,,,,1221.0,838.0,60.0,0.041666666666666664,13.966666666666667,1448.6873508353221,4.166666666666666,True,True
2026352035,2016-04-18,3325,1419,2.05999994277954,2.05999994277954,0.0,0,0,182,1062,0.0,0.0,2.05999994277954,0.0,Monday,4,April,182,2.05999994277954,High Activity,,,,,,,,,,,,,,,1424.0,3325.0,182.0,0.12638875,18.26923076923077,426.76691729323306,12.63888888888889,False,False
2026352035,2016-04-19,2424,1356,1.5,1.5,0.0,0,0,141,785,0.0,0.0,1.5,0.0,Tuesday,4,April,141,1.5,High Activity,1.0,498.0,540.0,8.3,9.0,92.22,Recommended Range,,,,,,,,1357.0,2424.0,141.0,0.09791670833333334,17.19148936170213,559.4059405940594,9.791666666666666,True,False
2026352035,2016-04-20,7222,1667,4.48000001907349,4.48000001907349,0.0,0,0,327,623,0.0,0.0,4.48000001907349,0.0,Wednesday,4,April,327,4.48000001907349,High Activity,1.0,461.0,510.0,7.68,8.5,90.39,Recommended Range,,,,,,,,1668.0,7222.0,327.0,0.22708341666666668,22.085626911314986,230.8224868457491,22.708333333333332,True,False
2026352035,2016-04-21,2467,1370,1.52999997138977,1.52999997138977,0.0,0,0,153,749,0.0,0.0,1.52999997138977,0.0,Thursday,4,April,153,1.52999997138977,High Activity,1.0,477.0,514.0,7.95,8.57,92.8,Recommended Range,,,,,,,,1371.0,2467.0,153.0,0.10625000000000001,16.124183006535947,555.3303607620592,10.625,True,False
2026352035,2016-04-22,2915,1399,1.80999994277954,1.80999994277954,0.0,0,0,162,712,0.0,0.0,1.80999994277954,0.0,Friday,4,April,162,1.80999994277954,High Activity,1.0,520.0,545.0,8.67,9.08,95.41,Recommended Range,,,,,,,,1403.0,2915.0,162.0,0.11250004166666666,17.993827160493826,479.9313893653516,11.25,True,False
2026352035,2016-04-23,12357,1916,7.71000003814697,7.71000003814697,0.0,0,0,432,458,0.0,0.0,7.71000003814697,0.0,Saturday,4,April,432,7.71000003814697,High Activity,1.0,522.0,554.0,8.7,9.23,94.22,Recommended Range,,,,,,,,1917.0,12357.0,432.0,0.30000008333333333,28.604166666666668,155.05381565104798,30.0,True,True
2026352035,2016-04-24,3490,1401,2.16000008583069,2.16000008583069,0.0,0,0,164,704,0.0,0.0,2.16000008583069,0.0,Sunday,4,April,164,2.16000008583069,High Activity,1.0,555.0,591.0,9.25,9.85,93.91,Long Sleep,,,,,,,,1403.0,3490.0,164.0,0.113888875,21.28048780487805,401.43266475644697,11.38888888888889,True,True
2026352035,2016-04-25,6017,1576,3.73000001907349,3.73000001907349,0.0,0,0,260,821,0.0,0.0,3.73000001907349,0.0,Monday,4,April,260,3.73000001907349,High Activity,1.0,506.0,531.0,8.43,8.85,95.29,Recommended Range,99.51,70.0,125.0,516.0,,,,1582.0,6017.0,260.0,0.18055558333333332,23.142307692307693,261.9245471165032,18.055555555555554,True,False
2026352035,2016-04-26,5933,1595,3.6800000667572,3.6800000667572,0.0,0,0,288,1018,0.0,0.0,3.6800000667572,0.0,Tuesday,4,April,288,3.6800000667572,High Activity,,,,,,,,,,,,,,,1599.0,5933.0,288.0,0.1999999166666667,20.600694444444443,268.83532782740605,20.0,False,False
2026352035,2016-04-27,6088,1593,3.76999998092651,3.76999998092651,0.0,0,0,286,586,0.0,0.0,3.76999998092651,0.0,Wednesday,4,April,286,3.76999998092651,High Activity,1.0,508.0,545.0,8.47,9.08,93.21,Recommended Range,,,,,,,,1593.0,6088.0,286.0,0.19861120833333334,21.286713286713287,261.6622864651774,19.86111111111111,True,False
2026352035,2016-04-28,6375,1649,3.95000004768372,3.95000004768372,0.0,0,0,331,626,0.0,0.0,3.95000004768372,0.0,Thursday,4,April,331,3.95000004768372,High Activity,1.0,513.0,545.0,8.55,9.08,94.13,Recommended Range,,,,,,,,1651.0,6375.0,331.0,0.22986120833333334,19.259818731117825,258.6666666666667,22.98611111111111,True,False
2026352035,2016-04-29,7604,1692,4.71000003814697,4.71000003814697,0.0,0,0,352,492,0.0,0.0,4.71000003814697,0.0,Friday,4,April,352,4.71000003814697,High Activity,1.0,490.0,510.0,8.17,8.5,96.08,Recommended Range,,,,,,,,1696.0,7604.0,352.0,0.2444444583333333,21.602272727272727,222.51446607048922,24.444444444444443,True,False
2026352035,2016-04-30,4729,1506,2.9300000667572,2.9300000667572,0.0,0,0,233,594,0.0,0.0,2.9300000667572,0.0,Saturday,4,April,233,2.9300000667572,High Activity,1.0,573.0,607.0,9.55,10.12,94.4,Long Sleep,,,,,,,,1508.0,4729.0,233.0,0.16180558333333334,20.296137339055793,318.46056248678366,16.180555555555557,True,True
2026352035,2016-05-01,3609,1447,2.27999997138977,2.27999997138977,0.0,0,0,191,716,0.0,0.0,2.27999997138977,0.0,Sunday,5,May,191,2.27999997138977,High Activity,1.0,527.0,546.0,8.78,9.1,96.52,Recommended Range,,,,,,,,1449.0,3609.0,191.0,0.13263891666666666,18.895287958115183,400.942089221391,13.26388888888889,True,True
2026352035,2016-05-02,7018,1690,4.34999990463257,4.34999990463257,0.0,0,0,355,716,0.0,0.0,4.34999990463257,0.0,Monday,5,May,355,4.34999990463257,High Activity,1.0,511.0,543.0,8.52,9.05,94.11,Recommended Range,84.13,70.0,122.0,431.0,,,,1695.0,7018.0,355.0,0.24652779166666663,19.76901408450704,240.8093473924195,24.65277777777778,True,False
2026352035,2016-05-03,5992,1604,3.72000002861023,3.72000002861023,0.0,0,0,304,981,0.0,0.0,3.72000002861023,0.0,Tuesday,5,May,304,3.72000002861023,High Activity,,,,,,,,,,,,,,,1608.0,5992.0,304.0,0.21111112499999998,19.710526315789473,267.69025367156206,21.11111111111111,False,False
2026352035,2016-05-04,6564,1658,4.07000017166138,4.07000017166138,0.0,0,0,345,530,0.0,0.0,4.07000017166138,0.0,Wednesday,5,May,345,4.07000017166138,High Activity,1.0,538.0,560.0,8.97,9.33,96.07,Recommended Range,,,,,,,,1660.0,6564.0,345.0,0.23958337500000002,19.026086956521738,252.58988421694087,23.958333333333336,True,False
2026352035,2016-05-05,12167,1926,7.53999996185303,7.53999996185303,0.0,0,0,475,479,0.0,0.0,7.53999996185303,0.0,Thursday,5,May,475,7.53999996185303,High Activity,1.0,468.0,485.0,7.8,8.08,96.49,Recommended Range,,,,,,,,1928.0,12167.0,475.0,0.32986108333333336,25.614736842105263,158.29703295800115,32.98611111111111,True,False
2026352035,2016-05-06,8198,1736,5.07999992370605,5.07999992370605,0.0,0,0,383,511,0.0,0.0,5.07999992370605,0.0,Friday,5,May,383,5.07999992370605,High Activity,1.0,524.0,548.0,8.73,9.13,95.62,Recommended Range,,,,,,,,1739.0,8198.0,383.0,0.26597220833333335,21.404699738903393,211.75896560136619,26.59722222222222,True,False
2026352035,2016-05-07,4193,1491,2.59999990463257,2.59999990463257,0.0,0,0,229,665,0.0,0.0,2.59999990463257,0.0,Saturday,5,May,229,2.59999990463257,High Activity,1.0,511.0,521.0,8.52,8.68,98.08,Recommended Range,,,,,,,,1493.0,4193.0,229.0,0.15902770833333332,18.310043668122272,355.5926544240401,15.902777777777777,True,True
2026352035,2016-05-08,5528,1555,3.45000004768372,3.45000004768372,0.0,0,0,258,610,0.0,0.0,3.45000004768372,0.0,Sunday,5,May,258,3.45000004768372,High Activity,1.0,541.0,568.0,9.02,9.47,95.25,Long Sleep,,,,,,,,1559.0,5528.0,258.0,0.17916666666666667,21.426356589147286,281.29522431259045,17.916666666666668,True,True
2026352035,2016-05-09,10685,1869,6.61999988555908,6.61999988555908,0.0,0,0,401,543,0.0,0.0,6.59999990463257,0.0,Monday,5,May,401,6.59999990463257,High Activity,1.0,531.0,556.0,8.85,9.27,95.5,Recommended Range,98.23,70.0,123.0,1351.0,,,,1867.0,10652.0,401.0,0.27847225000000003,26.64588528678304,174.91810949929808,27.84722222222222,True,False
2026352035,2016-05-10,254,1141,0.159999996423721,0.159999996423721,0.0,0,0,17,1002,0.0,0.0,0.159999996423721,0.0,Tuesday,5,May,17,0.159999996423721,Low Activity,1.0,357.0,380.0,5.95,6.33,93.95,Short Sleep,,,,,,,,1150.0,254.0,17.0,0.011805541666666667,14.941176470588236,4492.1259842519685,1.1805555555555556,False,False
2026352035,2016-05-11,8580,1698,5.32000017166138,5.32000017166138,0.0,0,0,330,569,0.0,0.0,5.32000017166138,0.0,Wednesday,5,May,330,5.32000017166138,High Activity,1.0,523.0,553.0,8.72,9.22,94.58,Recommended Range,,,,,,,,1699.0,8580.0,330.0,0.22916675,26.0,197.9020979020979,22.916666666666664,True,False
2026352035,2016-05-12,8891,1364,5.51000022888184,5.51000022888184,0.0,0,0,343,330,0.0,0.0,5.51000022888184,0.0,Thursday,5,May,343,5.51000022888184,High Activity,1.0,456.0,485.0,7.6,8.08,94.02,Recommended Range,,,,,,,,1297.0,8449.0,320.0,0.3333333125,25.92128279883382,153.41356427848385,23.819444444444443,True,False
2320127002,2016-04-12,10725,2124,7.48999977111816,7.48999977111816,0.0,13,9,306,1112,1.16999995708466,0.310000002384186,6.01000022888184,0.0,Tuesday,4,April,328,7.490000188350686,High Activity,,,,,,,,,,,,,,,2122.0,10725.0,363.0,0.2520833333333333,32.698170731707314,198.04195804195805,22.77777777777778,False,False
2320127002,2016-04-13,7275,2003,4.90000009536743,4.90000009536743,0.0,0,0,335,1105,0.0,0.0,4.90000009536743,0.0,Wednesday,4,April,335,4.90000009536743,High Activity,,,,,,,,,,,,,,,2003.0,7275.0,335.0,0.232638875,21.71641791044776,275.3264604810996,23.26388888888889,False,False
2320127002,2016-04-14,3973,1696,2.6800000667572,2.6800000667572,0.0,0,0,191,1249,0.0,0.0,2.6800000667572,0.0,Thursday,4,April,191,2.6800000667572,High Activity,,,,,,,,,,,,,,,1695.0,3973.0,191.0,0.132639,20.801047120418847,426.8814497860559,13.26388888888889,False,False
2320127002,2016-04-15,5205,1801,3.50999999046326,3.50999999046326,0.0,0,0,245,1195,0.0,0.0,3.50999999046326,0.0,Friday,4,April,245,3.50999999046326,High Activity,,,,,,,,,,,,,,,1800.0,5205.0,245.0,0.17013883333333335,21.244897959183675,346.01344860710856,17.01388888888889,False,False
2320127002,2016-04-16,5057,1724,3.41000008583069,3.41000008583069,0.0,0,0,195,1245,0.0,0.0,3.40000009536743,0.0,Saturday,4,April,195,3.40000009536743,High Activity,,,,,,,,,,,,,,,1722.0,5044.0,195.0,0.13541670833333333,25.933333333333334,340.9135851295234,13.541666666666666,False,True
2320127002,2016-04-17,6198,1852,4.17999982833862,4.17999982833862,0.0,0,0,249,1191,0.0,0.0,4.17999982833862,0.0,Sunday,4,April,249,4.17999982833862,High Activity,,,,,,,,,,,,,,,1850.0,6198.0,249.0,0.1729167083333333,24.89156626506024,298.8060664730558,17.291666666666668,False,True
2320127002,2016-04-18,6559,1905,4.42000007629395,4.42000007629395,0.0,0,7,260,1173,0.0,0.259999990463257,4.1399998664856,0.0,Monday,4,April,267,4.399999856948857,High Activity,,,,,,,,,,,,,,,1903.0,6538.0,274.0,0.19027791666666669,24.56554307116105,290.440615947553,18.541666666666668,False,False
2320127002,2016-04-19,5997,1811,4.03999996185303,4.03999996185303,0.0,0,11,228,1201,0.0,0.379999995231628,3.66000008583069,0.0,Tuesday,4,April,239,4.040000081062318,High Activity,,,,,,,,,,,,,,,1808.0,5997.0,250.0,0.17361108333333333,25.09205020920502,301.9843254960814,16.59722222222222,False,False
2320127002,2016-04-20,7192,1922,4.84999990463257,4.84999990463257,0.0,0,11,283,1146,0.0,0.490000009536743,4.34000015258789,0.0,Wednesday,4,April,294,4.830000162124633,High Activity,,,,,,,,,,,,,,,1920.0,7162.0,305.0,0.21180554166666665,24.462585034013607,267.2413793103448,20.416666666666668,False,False
2320127002,2016-04-21,3404,1610,2.28999996185303,2.28999996185303,0.0,1,10,127,1302,0.0599999986588955,0.419999986886978,1.80999994277954,0.0,Thursday,4,April,138,2.2899999283254133,High Activity,,,,,,,,,,,,,,,1608.0,3404.0,150.0,0.10416666666666667,24.666666666666668,472.97297297297297,9.583333333333334,False,False
2320127002,2016-04-22,5583,1851,3.75999999046326,3.75999999046326,0.0,0,0,266,1174,0.0,0.0,3.75999999046326,0.0,Friday,4,April,266,3.75999999046326,High Activity,,,,,,,,,,,,,,,1848.0,5583.0,266.0,0.18472220833333333,20.98872180451128,331.54218162278346,18.47222222222222,False,False
2320127002,2016-04-23,5079,1804,3.42000007629395,3.42000007629395,0.0,0,0,242,1129,0.0,0.0,3.42000007629395,0.0,Saturday,4,April,242,3.42000007629395,High Activity,1.0,61.0,69.0,1.02,1.15,88.41,Very Short Sleep,,,,,,,,1801.0,5079.0,242.0,0.1680555,20.987603305785125,355.18802913959445,16.805555555555557,False,True
2320127002,2016-04-24,4165,1725,2.80999994277954,2.80999994277954,0.0,0,0,204,1236,0.0,0.0,2.79999995231628,0.0,Sunday,4,April,204,2.79999995231628,High Activity,,,,,,,,,,,,,,,1725.0,4159.0,204.0,0.141666625,20.416666666666668,414.1656662665066,14.166666666666666,False,True
2320127002,2016-04-25,3588,1654,2.42000007629395,2.42000007629395,0.0,3,5,152,1280,0.230000004172325,0.200000002980232,1.99000000953674,0.0,Monday,4,April,160,2.420000016689297,High Activity,,,,,,,,,,,,,,,1653.0,3588.0,171.0,0.11875004166666665,22.425,460.98104793756966,11.11111111111111,False,False
2320127002,2016-04-26,3409,1632,2.29999995231628,2.29999995231628,0.0,0,0,147,1293,0.0,0.0,2.29999995231628,0.0,Tuesday,4,April,147,2.29999995231628,High Activity,,,,,,,,,,,,,,,1629.0,3409.0,147.0,0.10208333333333335,23.19047619047619,478.7327662070989,10.208333333333334,False,False
2320127002,2016-04-27,1715,1481,1.1599999666214,1.1599999666214,0.0,0,0,82,1358,0.0,0.0,1.1599999666214,0.0,Wednesday,4,April,82,1.1599999666214,High Activity,,,,,,,,,,,,,,,1479.0,1715.0,82.0,0.05694450000000001,20.914634146341463,863.5568513119533,5.694444444444445,False,False
2320127002,2016-04-28,1532,1473,1.02999997138977,1.02999997138977,0.0,0,0,76,1364,0.0,0.0,1.02999997138977,0.0,Thursday,4,April,76,1.02999997138977,High Activity,,,,,,,,,,,,,,,1469.0,1532.0,76.0,0.05277774999999999,20.157894736842106,961.4882506527415,5.277777777777778,False,False
2320127002,2016-04-29,924,1410,0.620000004768372,0.620000004768372,0.0,0,0,45,1395,0.0,0.0,0.620000004768372,0.0,Friday,4,April,45,0.620000004768372,Moderate Activity,,,,,,,,,,,,,,,1407.0,924.0,45.0,0.03125,20.533333333333335,1525.9740259740258,3.125,False,False
2320127002,2016-04-30,4571,1779,3.07999992370605,3.07999992370605,0.0,0,0,234,1206,0.0,0.0,3.0699999332428,0.0,Saturday,4,April,234,3.0699999332428,High Activity,,,,,,,,,,,,,,,1776.0,4558.0,234.0,0.1625,19.534188034188034,389.1927368190768,16.25,False,True
2320127002,2016-05-01,772,1403,0.519999980926514,0.519999980926514,0.0,0,0,40,1400,0.0,0.0,0.519999980926514,0.0,Sunday,5,May,40,0.519999980926514,Moderate Activity,,,,,,,,,,,,,,,1400.0,772.0,40.0,0.027777791666666666,19.3,1817.3575129533679,2.7777777777777777,False,True
2320127002,2016-05-02,3634,1613,2.45000004768372,2.45000004768372,0.0,5,6,123,1306,0.360000014305115,0.209999993443489,1.87999999523163,0.0,Monday,5,May,134,2.450000002980234,High Activity,,,,,,,,,,,,,,,1609.0,3634.0,150.0,0.10416670833333334,27.119402985074625,443.86351128233355,9.305555555555555,False,False
2320127002,2016-05-03,7443,1878,5.01999998092651,5.01999998092651,0.0,20,10,206,1204,1.49000000953674,0.370000004768372,3.16000008583069,0.0,Tuesday,5,May,236,5.0200001001358014,High Activity,,,,,,,,,,,,,,,1876.0,7443.0,286.0,0.19861120833333334,31.53813559322034,252.31761386537687,16.38888888888889,False,False
2320127002,2016-05-04,1201,1426,0.810000002384186,0.810000002384186,0.0,0,0,52,1388,0.0,0.0,0.810000002384186,0.0,Wednesday,5,May,52,0.810000002384186,Moderate Activity,,,,,,,,,,,,,,,1422.0,1201.0,52.0,0.036111125,23.096153846153847,1187.3438800999168,3.6111111111111107,False,False
2320127002,2016-05-05,5202,1780,3.50999999046326,3.50999999046326,0.0,0,11,223,1206,0.0,0.389999985694885,3.10999989509583,0.0,Thursday,5,May,234,3.499999880790715,High Activity,,,,,,,,,,,,,,,1779.0,5202.0,245.0,0.170138875,22.23076923076923,342.1760861207228,16.25,False,False
2320127002,2016-05-06,4878,1742,3.28999996185303,3.28999996185303,0.0,0,0,204,1236,0.0,0.0,3.28999996185303,0.0,Friday,5,May,204,3.28999996185303,High Activity,,,,,,,,,,,,,,,1738.0,4878.0,204.0,0.14166666666666666,23.91176470588235,357.11357113571137,14.166666666666666,False,False
2320127002,2016-05-07,7379,1972,4.96999979019165,4.96999979019165,0.0,0,0,319,1121,0.0,0.0,4.96999979019165,0.0,Saturday,5,May,319,4.96999979019165,High Activity,,,,,,,,,,,,,,,1973.0,7379.0,319.0,0.22152783333333334,23.13166144200627,267.244884130641,22.15277777777778,False,True
2320127002,2016-05-08,5161,1821,3.48000001907349,3.48000001907349,0.0,0,0,247,1193,0.0,0.0,3.47000002861023,0.0,Sunday,5,May,247,3.47000002861023,High Activity,,,,,,,,,,,,,,,1820.0,5153.0,247.0,0.17152775,20.894736842105264,352.8385971710909,17.15277777777778,False,True
2320127002,2016-05-09,3090,1630,2.07999992370605,2.07999992370605,0.0,0,0,145,1295,0.0,0.0,2.07999992370605,0.0,Monday,5,May,145,2.07999992370605,High Activity,,,,,,,,,,,,,,,1627.0,3090.0,145.0,0.1006945,21.310344827586206,527.5080906148868,10.069444444444445,False,False
2320127002,2016-05-10,6227,1899,4.19999980926514,4.19999980926514,0.0,0,0,290,1150,0.0,0.0,4.19999980926514,0.0,Tuesday,5,May,290,4.19999980926514,High Activity,,,,,,,,,,,,,,,1899.0,6227.0,290.0,0.20138883333333332,21.47241379310345,304.962261120925,20.13888888888889,False,False
2320127002,2016-05-11,6424,1903,4.32999992370605,4.32999992370605,0.0,0,0,300,1140,0.0,0.0,4.32999992370605,0.0,Wednesday,5,May,300,4.32999992370605,High Activity,,,,,,,,,,,,,,,1904.0,6424.0,300.0,0.20833329166666667,21.413333333333334,296.23287671232873,20.833333333333336,False,False
2320127002,2016-05-12,2661,1125,1.78999996185303,1.78999996185303,0.0,0,0,128,830,0.0,0.0,1.78999996185303,0.0,Thursday,5,May,128,1.78999996185303,High Activity,,,,,,,,,,,,,,,1063.0,2564.0,124.0,0.13777779999999998,20.7890625,422.77339346110483,8.88888888888889,False,False
2347167796,2016-04-12,10113,2344,6.82999992370605,6.82999992370605,0.0,28,13,320,964,2.0,0.620000004768372,4.19999980926514,0.0,Tuesday,4,April,361,6.819999814033512,High Activity,,,,,,,,86.08,57.0,172.0,6753.0,,,,2342.0,10113.0,430.0,0.2986111666666667,28.013850415512465,231.78087610006924,25.069444444444443,False,False
2347167796,2016-04-13,10352,2038,7.01000022888184,7.01000022888184,0.0,19,32,195,676,1.6599999666214,1.94000005722046,3.41000008583069,0.0,Wednesday,4,April,246,7.01000010967255,High Activity,1.0,467.0,531.0,7.78,8.85,87.95,Recommended Range,73.81,55.0,158.0,9268.0,,,,2039.0,10352.0,316.0,0.219444375,42.08130081300813,196.87017001545595,17.083333333333332,True,False
2347167796,2016-04-14,10129,2010,6.69999980926514,6.69999980926514,0.0,1,48,206,705,0.0199999995529652,2.74000000953674,3.94000005722046,0.0,Thursday,4,April,255,6.7000000663101655,High Activity,1.0,445.0,489.0,7.42,8.15,91.0,Recommended Range,72.58,52.0,154.0,9153.0,,,,2012.0,10129.0,305.0,0.21180554166666665,39.72156862745098,198.44012242077204,17.708333333333336,True,False
2347167796,2016-04-15,10465,2133,6.92000007629395,6.92000007629395,0.0,1,24,284,720,0.0700000002980232,1.41999995708466,5.42999982833862,0.0,Friday,4,April,309,6.919999785721304,High Activity,1.0,452.0,504.0,7.53,8.4,89.68,Recommended Range,75.69,55.0,136.0,9557.0,,,,2136.0,10465.0,335.0,0.23263891666666667,33.86731391585761,203.8222646918299,21.458333333333332,True,False
2347167796,2016-04-16,22244,2670,15.0799999237061,15.0799999237061,0.0,66,72,268,968,5.44999980926514,4.09999990463257,5.53000020980835,0.0,Saturday,4,April,406,15.07999992370606,High Activity,,,,,,,,96.62,58.0,168.0,9035.0,,,,2667.0,22244.0,610.0,0.42361112500000003,54.78817733990148,120.0323682790865,28.194444444444443,False,True
2347167796,2016-04-17,5472,1882,3.61999988555908,3.61999988555908,0.0,1,7,249,508,0.0799999982118607,0.280000001192093,3.25999999046326,0.0,Sunday,4,April,257,3.6199999898672135,High Activity,1.0,556.0,602.0,9.27,10.03,92.36,Long Sleep,75.36,55.0,134.0,8990.0,,,,1884.0,5472.0,266.0,0.18472216666666666,21.291828793774318,343.93274853801165,17.84722222222222,True,True
2347167796,2016-04-18,8247,1944,5.44999980926514,5.44999980926514,0.0,11,16,206,678,0.790000021457672,0.860000014305115,3.78999996185303,0.0,Monday,4,April,233,5.439999997615817,High Activity,1.0,500.0,557.0,8.33,9.28,89.77,Recommended Range,71.23,53.0,134.0,9339.0,,,,1947.0,8247.0,271.0,0.18819441666666667,35.39484978540773,235.72208075663877,16.180555555555557,True,False
2347167796,2016-04-19,6711,2346,4.44000005722046,4.44000005722046,0.0,0,7,382,648,0.0,0.0,4.44000005722046,0.0,Tuesday,4,April,389,4.44000005722046,High Activity,1.0,465.0,514.0,7.75,8.57,90.47,Recommended Range,81.3,53.0,195.0,7824.0,,,,2344.0,6711.0,396.0,0.27499999999999997,17.251928020565554,349.57532409476977,27.013888888888886,True,False
2347167796,2016-04-20,10999,2198,7.26999998092651,7.26999998092651,0.0,11,43,269,1011,0.680000007152557,1.80999994277954,4.78000020980835,0.0,Wednesday,4,April,323,7.270000159740446,High Activity,,,,,,,,78.18,53.0,161.0,7156.0,,,,2195.0,10999.0,388.0,0.269444375,34.05263157894737,199.8363487589781,22.430555555555557,False,False
2347167796,2016-04-21,10080,2048,6.75,6.75,0.0,23,26,208,761,1.85000002384186,1.52999997138977,3.38000011444092,0.0,Thursday,4,April,257,6.76000010967255,High Activity,1.0,460.0,484.0,7.67,8.07,95.04,Recommended Range,73.41,51.0,171.0,9289.0,,,,2051.0,10080.0,329.0,0.22847220833333334,39.221789883268485,203.17460317460316,17.84722222222222,True,False
2347167796,2016-04-22,7804,1946,5.15999984741211,5.15999984741211,0.0,9,27,206,781,0.560000002384186,1.67999994754791,2.92000007629395,0.0,Friday,4,April,242,5.1600000262260455,High Activity,1.0,405.0,461.0,6.75,7.68,87.85,Short Sleep,72.0,53.0,165.0,9172.0,,,,1947.0,7804.0,287.0,0.19930554166666667,32.247933884297524,249.35930292157866,16.805555555555557,False,False
2347167796,2016-04-23,16901,2629,11.3699998855591,11.3699998855591,0.0,32,35,360,591,2.77999997138977,1.45000004768372,7.15000009536743,0.0,Saturday,4,April,427,11.38000011444092,High Activity,1.0,374.0,386.0,6.23,6.43,96.89,Short Sleep,83.43,53.0,157.0,9543.0,,,,2628.0,16901.0,526.0,0.36527770833333334,39.5807962529274,155.55292586237502,29.65277777777778,False,True
2347167796,2016-04-24,9471,2187,6.26000022888184,6.26000022888184,0.0,0,0,360,584,0.0,0.0,6.26000022888184,0.0,Sunday,4,April,360,6.26000022888184,High Activity,1.0,442.0,459.0,7.37,7.65,96.3,Recommended Range,77.58,54.0,127.0,8832.0,,,,2187.0,9471.0,360.0,0.24999995833333333,26.308333333333334,230.91542603737724,25.0,True,True
2347167796,2016-04-25,9482,2095,6.38000011444092,6.38000011444092,0.0,15,11,277,653,1.26999998092651,0.519999980926514,4.59999990463257,0.0,Monday,4,April,303,6.389999866485594,High Activity,1.0,433.0,471.0,7.22,7.85,91.93,Recommended Range,73.86,53.0,160.0,9528.0,,,,2093.0,9482.0,344.0,0.238888875,31.293729372937293,220.9449483231386,21.041666666666668,True,False
2347167796,2016-04-26,5980,1861,3.95000004768372,3.95000004768372,0.0,0,0,227,732,0.0,0.0,3.95000004768372,0.0,Tuesday,4,April,227,3.95000004768372,High Activity,1.0,436.0,490.0,7.27,8.17,88.98,Recommended Range,71.73,49.0,122.0,9023.0,,,,1861.0,5980.0,227.0,0.15763887499999998,26.34361233480176,311.2040133779264,15.76388888888889,True,False
2347167796,2016-04-27,11423,2194,7.57999992370605,7.57999992370605,0.0,26,9,295,623,1.86000001430511,0.400000005960464,5.32000017166138,0.0,Wednesday,4,April,330,7.5800001919269535,High Activity,1.0,448.0,499.0,7.47,8.32,89.78,Recommended Range,75.19,51.0,144.0,8842.0,,,,2195.0,11423.0,391.0,0.27152775,34.61515151515152,192.06863345881118,22.916666666666664,True,False
2347167796,2016-04-28,5439,1854,3.59999990463257,3.59999990463257,0.0,0,0,229,764,0.0,0.0,3.59999990463257,0.0,Thursday,4,April,229,3.59999990463257,High Activity,1.0,408.0,450.0,6.8,7.5,90.67,Short Sleep,73.41,55.0,138.0,9015.0,,,,1856.0,5439.0,229.0,0.15902779166666667,23.75109170305677,340.8714837286266,15.902777777777777,False,False
2347167796,2016-04-29,42,403,0.0299999993294477,0.0299999993294477,0.0,0,0,4,2,0.0,0.0,0.0299999993294477,0.0,Friday,4,April,4,0.0299999993294477,Low Activity,1.0,411.0,473.0,6.85,7.88,86.89,Short Sleep,62.87,54.0,85.0,2364.0,,,,345.0,25.0,2.0,0.005555666666666667,10.5,9595.238095238095,0.2777777777777778,False,False
2873212765,2016-04-12,8796,1982,5.90999984741211,5.90999984741211,0.0,2,21,356,1061,0.109999999403954,0.930000007152557,4.88000011444092,0.0,Tuesday,4,April,379,5.920000120997431,High Activity,,,,,,,,,,,,,,,1985.0,8796.0,404.0,0.28055562500000003,23.20844327176781,225.32969531605278,26.319444444444446,False,False
2873212765,2016-04-13,7618,2004,5.11999988555908,5.11999988555908,0.0,0,8,404,1028,0.0,0.219999998807907,4.88000011444092,0.0199999995529652,Wednesday,4,April,412,5.100000113248827,High Activity,,,,,,,,,,,,,,,2007.0,7618.0,420.0,0.29166658333333334,18.490291262135923,263.06117091100026,28.61111111111111,False,False
2873212765,2016-04-14,7910,1893,5.32000017166138,5.32000017166138,0.0,0,0,331,1109,0.0,0.0,5.32000017166138,0.0,Thursday,4,April,331,5.32000017166138,High Activity,,,,,,,,,,,,,,,1895.0,7910.0,331.0,0.22986116666666667,23.897280966767372,239.3173198482933,22.98611111111111,False,False
2873212765,2016-04-15,8482,2063,5.69999980926514,5.69999980926514,0.0,0,0,448,992,0.0,0.0,5.69000005722046,0.0099999997764825,Friday,4,April,448,5.69000005722046,High Activity,,,,,,,,,,,,,,,2066.0,8482.0,448.0,0.311111125,18.933035714285715,243.22093845791088,31.11111111111111,False,False
2873212765,2016-04-16,9685,2148,6.65000009536743,6.65000009536743,0.0,47,1,305,1087,3.10999989509583,0.0199999995529652,3.50999999046326,0.0099999997764825,Saturday,4,April,353,6.639999885112055,High Activity,,,,,,,,,,,,,,,2150.0,9677.0,448.0,0.31111116666666666,27.43626062322946,221.7862674238513,24.51388888888889,False,True
2873212765,2016-04-17,2524,1529,1.70000004768372,1.70000004768372,0.0,0,8,160,1272,0.0,0.349999994039536,1.3400000333786,0.0,Sunday,4,April,168,1.690000027418136,High Activity,,,,,,,,,,,,,,,1533.0,2524.0,176.0,0.12222229166666666,15.023809523809524,605.784469096672,11.666666666666666,False,True
2873212765,2016-04-18,7762,1890,5.23999977111816,5.23999977111816,0.0,1,6,311,1122,0.0700000002980232,0.280000001192093,4.8899998664856,0.0,Monday,4,April,318,5.239999867975716,High Activity,,,,,,,,,,,,,,,1893.0,7762.0,326.0,0.22638887500000002,24.40880503144654,243.49394485957228,22.083333333333332,False,False
2873212765,2016-04-19,7948,1956,5.36999988555908,5.36999988555908,0.0,0,0,389,1051,0.0,0.0,5.3600001335144,0.0,Tuesday,4,April,389,5.3600001335144,High Activity,,,,,,,,,,,,,,,1957.0,7948.0,389.0,0.270138875,20.431876606683804,246.09964771011573,27.013888888888886,False,False
2873212765,2016-04-20,9202,2094,6.30000019073486,6.30000019073486,0.0,22,5,378,1035,1.50999999046326,0.119999997317791,4.65999984741211,0.0099999997764825,Wednesday,4,April,405,6.289999835193161,High Activity,,,,,,,,,,,,,,,2106.0,9202.0,454.0,0.31527775,22.720987654320986,227.55922625516192,28.125,False,False
2873212765,2016-04-21,8859,1970,5.98000001907349,5.98000001907349,0.0,2,10,371,1057,0.129999995231628,0.370000004768372,5.46999979019165,0.0099999997764825,Thursday,4,April,383,5.96999979019165,High Activity,,,,,,,,,,,,,,,1967.0,8859.0,397.0,0.275694375,23.130548302872064,222.37272829890506,26.59722222222222,False,False
2873212765,2016-04-22,7286,2241,4.90000009536743,4.90000009536743,0.0,46,0,366,1028,0.46000000834465,0.0,4.42000007629395,0.0199999995529652,Friday,4,April,412,4.8800000846386,High Activity,,,,,,,,,,,,,,,1950.0,7286.0,389.0,0.270139,17.684466019417474,307.57617348339284,28.61111111111111,False,False
2873212765,2016-04-23,9317,2021,6.34999990463257,6.34999990463257,0.0,28,5,330,1077,2.08999991416931,0.230000004172325,4.01999998092651,0.0099999997764825,Saturday,4,April,363,6.339999899268145,High Activity,,,,,,,,,,,,,,,2016.0,9317.0,424.0,0.2944444583333333,25.666666666666668,216.91531608886982,25.208333333333332,False,True
2873212765,2016-04-24,6873,1898,4.67999982833862,4.67999982833862,0.0,46,1,190,1203,3.0,0.0599999986588955,1.62000000476837,0.0,Sunday,4,April,237,4.680000003427265,High Activity,,,,,,,,,,,,,,,1890.0,6873.0,330.0,0.22916662499999998,29.0,276.15306270915175,16.458333333333332,False,True
2873212765,2016-04-25,7373,1907,4.94999980926514,4.94999980926514,0.0,0,0,359,1081,0.0,0.0,4.94999980926514,0.0,Monday,4,April,359,4.94999980926514,High Activity,,,,,,,,,,,,,,,1904.0,7373.0,359.0,0.24930558333333333,20.537604456824514,258.6464125864641,24.930555555555557,False,False
2873212765,2016-04-26,8242,1882,5.53999996185303,5.53999996185303,0.0,2,5,309,1124,0.119999997317791,0.180000007152557,5.23999977111816,0.0,Tuesday,4,April,316,5.539999775588508,High Activity,,,,,,,,,,,,,,,1877.0,8242.0,325.0,0.22569450000000002,26.082278481012658,228.34263528269835,21.944444444444443,False,False
2873212765,2016-04-27,3516,1966,2.35999989509583,2.35999989509583,0.0,46,0,197,1197,0.0,0.0,2.35999989509583,0.0,Wednesday,4,April,243,2.35999989509583,High Activity,,,,,,,,,,,,,,,1963.0,3516.0,335.0,0.2326389166666667,14.469135802469136,559.1581342434584,16.875,False,False
2873212765,2016-04-28,7913,1835,5.40999984741211,5.40999984741211,0.0,28,7,213,1192,2.16000008583069,0.340000003576279,2.91000008583069,0.0,Thursday,4,April,248,5.410000175237659,High Activity,,,,,,,,,,,,,,,1831.0,7913.0,311.0,0.21597220833333333,31.907258064516128,231.89687855427778,17.22222222222222,False,False
2873212765,2016-04-29,7365,1780,4.94999980926514,4.94999980926514,0.0,20,23,206,1191,1.36000001430511,1.4099999666214,2.1800000667572,0.0,Friday,4,April,249,4.9500000476837105,High Activity,,,,,,,,,,,,,,,1778.0,7365.0,312.0,0.21666666666666667,29.57831325301205,241.68363883231498,17.291666666666668,False,False
2873212765,2016-04-30,8452,1830,5.67999982833862,5.67999982833862,0.0,5,20,248,1167,0.330000013113022,1.08000004291534,4.26000022888184,0.0099999997764825,Saturday,4,April,273,5.670000284910202,High Activity,,,,,,,,,,,,,,,1825.0,8452.0,303.0,0.21041658333333332,30.95970695970696,216.51680075721723,18.958333333333332,False,True
2873212765,2016-05-01,7399,1739,4.96999979019165,4.96999979019165,0.0,7,18,196,1219,0.490000009536743,1.03999996185303,3.44000005722046,0.0,Sunday,5,May,221,4.970000028610233,High Activity,,,,,,,,,,,,,,,1736.0,7399.0,253.0,0.17569441666666666,33.47963800904977,235.03176104879037,15.347222222222223,False,True
2873212765,2016-05-02,7525,1878,5.05999994277954,5.05999994277954,0.0,0,7,334,1099,0.0,0.209999993443489,4.82999992370605,0.0199999995529652,Monday,5,May,341,5.039999917149539,High Activity,,,,,,,,,,,,,,,1877.0,7525.0,348.0,0.24166666666666667,22.067448680351905,249.56810631229234,23.680555555555554,False,False
2873212765,2016-05-03,7412,1906,4.98000001907349,4.98000001907349,0.0,1,6,363,1070,0.0599999986588955,0.25,4.65999984741211,0.0099999997764825,Tuesday,5,May,370,4.969999846071006,High Activity,,,,,,,,,,,,,,,1904.0,7412.0,378.0,0.2625000416666667,20.032432432432433,257.1505666486778,25.694444444444443,False,False
2873212765,2016-05-04,8278,2015,5.55999994277954,5.55999994277954,0.0,0,0,420,1020,0.0,0.0,5.55999994277954,0.0,Wednesday,5,May,420,5.55999994277954,High Activity,,,,,,,,,,,,,,,2013.0,8278.0,420.0,0.291666625,19.70952380952381,243.4162841266006,29.166666666666668,False,False
2873212765,2016-05-05,8314,1971,5.6100001335144,5.6100001335144,0.0,13,23,311,1093,0.779999971389771,0.800000011920929,4.03000020980835,0.0,Thursday,5,May,347,5.610000193119049,High Activity,,,,,,,,,,,,,,,1967.0,8314.0,396.0,0.27499995833333335,23.959654178674352,237.07000240558094,24.09722222222222,False,False
2873212765,2016-05-06,7063,1910,4.75,4.75,0.0,0,5,370,1065,0.0,0.119999997317791,4.6100001335144,0.0099999997764825,Friday,5,May,375,4.730000130832191,High Activity,,,,,,,,,,,,,,,1909.0,7063.0,380.0,0.26388883333333335,18.834666666666667,270.42333286139035,26.041666666666668,False,False
2873212765,2016-05-07,4940,1897,3.38000011444092,3.38000011444092,0.0,75,11,52,1302,2.27999997138977,0.550000011920929,0.550000011920929,0.0,Saturday,5,May,138,3.379999995231628,High Activity,,,,,,,,,,,,,,,1890.0,4940.0,299.0,0.207638875,35.79710144927536,384.0080971659919,9.583333333333334,False,True
2873212765,2016-05-08,8168,2096,5.53999996185303,5.53999996185303,0.0,46,0,326,1068,2.90000009536743,0.0,2.64000010490417,0.0,Sunday,5,May,372,5.540000200271599,High Activity,,,,,,,,,,,,,,,2094.0,8168.0,464.0,0.32222229166666666,21.956989247311828,256.6111655239961,25.833333333333336,False,True
2873212765,2016-05-09,7726,1906,5.19000005722046,5.19000005722046,0.0,0,0,345,1095,0.0,0.0,5.19000005722046,0.0,Monday,5,May,345,5.19000005722046,High Activity,,,,,,,,,,,,,,,1906.0,7726.0,345.0,0.23958333333333334,22.394202898550724,246.699456381051,23.958333333333336,False,False
2873212765,2016-05-10,8275,1962,5.55999994277954,5.55999994277954,0.0,0,0,373,1067,0.0,0.0,5.55000019073486,0.0099999997764825,Tuesday,5,May,373,5.55000019073486,High Activity,,,,,,,,,,,,,,,1960.0,8275.0,373.0,0.25902770833333333,22.184986595174262,237.09969788519638,25.90277777777778,False,False
2873212765,2016-05-11,6440,1826,4.32999992370605,4.32999992370605,0.0,0,0,319,1121,0.0,0.0,4.32000017166138,0.0099999997764825,Wednesday,5,May,319,4.32000017166138,High Activity,,,,,,,,,,,,,,,1815.0,6440.0,319.0,0.22152779166666667,20.188087774294672,283.5403726708074,22.15277777777778,False,False
2873212765,2016-05-12,7566,1431,5.1100001335144,5.1100001335144,0.0,0,0,268,720,0.0,0.0,5.1100001335144,0.0,Thursday,5,May,268,5.1100001335144,High Activity,,,,,,,,,,,,,,,1395.0,7475.0,259.0,0.26979156249999997,28.23134328358209,189.13560666137985,18.61111111111111,False,False
3372868164,2016-04-12,4747,1788,3.24000000953674,3.24000000953674,0.0,0,0,280,1160,0.0,0.0,3.23000001907349,0.0099999997764825,Tuesday,4,April,280,3.23000001907349,High Activity,,,,,,,,,,,,,,,1787.0,4747.0,280.0,0.19444441666666668,16.95357142857143,376.6589424899937,19.444444444444446,False,False
3372868164,2016-04-13,9715,2093,6.63000011444092,6.63000011444092,0.0,16,8,371,1045,0.990000009536743,0.340000003576279,5.26999998092651,0.0199999995529652,Wednesday,4,April,395,6.599999994039532,High Activity,,,,,,,,,,,,,,,2092.0,9715.0,435.0,0.302083375,24.59493670886076,215.44004117344312,27.430555555555557,False,False
3372868164,2016-04-14,8844,2065,6.03000020980835,6.03000020980835,0.0,6,25,370,1039,0.340000003576279,1.02999997138977,4.65000009536743,0.0099999997764825,Thursday,4,April,401,6.020000070333479,High Activity,,,,,,,,,,,,,,,2065.0,8844.0,438.0,0.30416675,22.054862842892767,233.49163274536411,27.84722222222222,False,False
3372868164,2016-04-15,7451,1908,5.07999992370605,5.07999992370605,0.0,0,0,335,1105,0.0,0.0,5.05999994277954,0.0199999995529652,Friday,4,April,335,5.05999994277954,High Activity,,,,,,,,,,,,,,,1909.0,7451.0,335.0,0.23263879166666668,22.241791044776118,256.0730103341833,23.26388888888889,False,False
3372868164,2016-04-16,6905,1908,4.73000001907349,4.73000001907349,0.0,0,0,356,1084,0.0,0.0,4.69999980926514,0.0299999993294477,Saturday,4,April,356,4.69999980926514,High Activity,,,,,,,,,,,,,,,1908.0,6905.0,356.0,0.24722229166666665,19.396067415730336,276.32150615496016,24.72222222222222,False,True
3372868164,2016-04-17,8199,1964,5.88000011444092,5.88000011444092,0.0,11,2,322,1105,1.4099999666214,0.100000001490116,4.3600001335144,0.0099999997764825,Sunday,4,April,335,5.870000101625916,High Activity,,,,,,,,,,,,,,,1966.0,8199.0,359.0,0.24930554166666666,24.47462686567164,239.54140748871814,23.26388888888889,False,True
3372868164,2016-04-18,6798,2014,4.6399998664856,4.6399998664856,0.0,20,7,343,1070,1.08000004291534,0.200000002980232,3.34999990463257,0.0,Monday,4,April,370,4.629999950528142,High Activity,,,,,,,,,,,,,,,2014.0,6798.0,417.0,0.28958337500000003,18.372972972972974,296.2636069432186,25.694444444444443,False,False
3372868164,2016-04-19,7711,1985,5.26000022888184,5.26000022888184,0.0,0,0,376,1064,0.0,0.0,5.23999977111816,0.0199999995529652,Tuesday,4,April,376,5.23999977111816,High Activity,,,,,,,,,,,,,,,1983.0,7711.0,376.0,0.261111125,20.507978723404257,257.42445856568537,26.111111111111114,False,False
3372868164,2016-04-20,4880,1867,3.32999992370605,3.32999992370605,0.0,15,3,274,1148,0.839999973773956,0.0900000035762787,2.38000011444092,0.0199999995529652,Wednesday,4,April,292,3.3100000917911547,High Activity,,,,,,,,,,,,,,,1867.0,4880.0,325.0,0.22569433333333333,16.71232876712329,382.58196721311475,20.27777777777778,False,False
3372868164,2016-04-21,8857,2124,6.07000017166138,6.07000017166138,0.0,18,9,376,1037,1.14999997615814,0.259999990463257,4.6399998664856,0.0099999997764825,Thursday,4,April,403,6.049999833106997,High Activity,,,,,,,,,,,,,,,2125.0,8857.0,448.0,0.31111104166666664,21.977667493796528,239.81031952128262,27.98611111111111,False,False
3372868164,2016-04-22,3843,1669,2.61999988555908,2.61999988555908,0.0,0,0,206,1234,0.0,0.0,2.60999989509583,0.0099999997764825,Friday,4,April,206,2.60999989509583,High Activity,,,,,,,,,,,,,,,1668.0,3843.0,206.0,0.14305554166666667,18.655339805825243,434.296122820713,14.305555555555555,False,False
3372868164,2016-04-23,7396,1995,5.07000017166138,5.07000017166138,0.0,20,2,303,1115,1.39999997615814,0.0799999982118607,3.57999992370605,0.0,Saturday,4,April,325,5.05999989807605,High Activity,,,,,,,,,,,,,,,1996.0,7396.0,367.0,0.25486112499999997,22.756923076923076,269.74040021633317,22.569444444444446,False,True
3372868164,2016-04-24,6731,1921,4.59000015258789,4.59000015258789,0.0,14,7,292,1127,0.889999985694885,0.189999997615814,3.49000000953674,0.0199999995529652,Sunday,4,April,313,4.569999992847439,High Activity,,,,,,,,,,,,,,,1919.0,6731.0,348.0,0.24166675,21.50479233226837,285.3959292824246,21.73611111111111,False,True
3372868164,2016-04-25,5995,2010,4.09000015258789,4.09000015258789,0.0,0,0,416,1024,0.0,0.0,4.09000015258789,0.0,Monday,4,April,416,4.09000015258789,High Activity,,,,,,,,,,,,,,,2012.0,5995.0,416.0,0.28888891666666666,14.411057692307692,335.279399499583,28.888888888888886,False,False
3372868164,2016-04-26,8283,2057,5.78999996185303,5.78999996185303,0.0,22,2,333,1083,1.85000002384186,0.0500000007450581,3.86999988555908,0.0099999997764825,Tuesday,4,April,357,5.769999910145998,High Activity,,,,,,,,,,,,,,,2056.0,8283.0,403.0,0.27986116666666666,23.201680672268907,248.33997343957506,24.791666666666668,False,False
3372868164,2016-04-27,7904,2095,5.42000007629395,5.42000007629395,0.0,24,13,346,1057,1.58000004291534,0.629999995231628,3.19000005722046,0.0099999997764825,Wednesday,4,April,383,5.400000095367428,High Activity,,,,,,,,,,,,,,,2095.0,7904.0,444.0,0.3083332916666667,20.637075718015666,265.0556680161943,26.59722222222222,False,False
3372868164,2016-04-28,5512,1972,3.75999999046326,3.75999999046326,0.0,0,0,385,1055,0.0,0.0,3.75999999046326,0.0,Thursday,4,April,385,3.75999999046326,High Activity,,,,,,,,,,,,,,,1971.0,5512.0,385.0,0.2673612083333333,14.316883116883117,357.7648766328012,26.73611111111111,False,False
3372868164,2016-04-29,9135,2044,6.23000001907349,6.23000001907349,0.0,0,0,402,1038,0.0,0.0,6.21999979019165,0.0099999997764825,Friday,4,April,402,6.21999979019165,High Activity,,,,,,,,,,,,,,,2044.0,9135.0,402.0,0.27916674999999996,22.723880597014926,223.75478927203065,27.916666666666668,False,False
3372868164,2016-04-30,5250,1946,3.57999992370605,3.57999992370605,0.0,17,4,300,1119,1.05999994277954,0.0900000035762787,2.42000007629395,0.0099999997764825,Saturday,4,April,321,3.570000022649769,High Activity,,,,,,,,,,,,,,,1945.0,5250.0,359.0,0.24930558333333333,16.35514018691589,370.6666666666667,22.291666666666668,False,True
3372868164,2016-05-01,3077,1237,2.09999990463257,2.09999990463257,0.0,0,0,172,842,0.0,0.0,2.08999991416931,0.0,Sunday,5,May,172,2.08999991416931,High Activity,,,,,,,,,,,,,,,1167.0,2901.0,160.0,0.16666675,17.88953488372093,402.01494962625935,11.944444444444445,False,True
3977333714,2016-04-12,8856,1450,5.98000001907349,5.98000001907349,0.0,44,19,131,777,3.05999994277954,0.910000026226044,2.00999999046326,0.0,Tuesday,4,April,194,5.979999959468844,High Activity,1.0,274.0,469.0,4.57,7.82,58.42,Very Short Sleep,,,,,,,,1450.0,8856.0,301.0,0.20902774999999998,45.649484536082475,163.73080397470642,13.472222222222221,False,False
3977333714,2016-04-13,10035,1495,6.71000003814697,6.71000003814697,0.0,31,46,153,754,2.02999997138977,2.13000011444092,2.54999995231628,0.0,Wednesday,4,April,230,6.710000038146971,High Activity,2.0,295.0,456.0,4.92,7.6,64.69,Very Short Sleep,,,,,,,,1492.0,10035.0,338.0,0.23472229166666667,43.630434782608695,148.9785749875436,15.972222222222221,False,False
3977333714,2016-04-14,7641,1433,5.1100001335144,5.1100001335144,0.0,5,23,214,801,0.319999992847443,0.970000028610229,3.8199999332428,0.0,Thursday,4,April,242,5.109999954700472,High Activity,1.0,291.0,397.0,4.85,6.62,73.3,Very Short Sleep,,,,,,,,1432.0,7641.0,275.0,0.1909722083333333,31.574380165289256,187.5408977882476,16.805555555555557,False,False
3977333714,2016-04-15,9010,1468,6.05999994277954,6.05999994277954,0.0,15,42,183,644,1.04999995231628,1.75,3.25999999046326,0.0,Friday,4,April,240,6.059999942779539,High Activity,1.0,424.0,556.0,7.07,9.27,76.26,Recommended Range,,,,,,,,1469.0,9010.0,312.0,0.21666670833333335,37.541666666666664,162.93007769145393,16.666666666666664,True,False
3977333714,2016-04-16,13459,1625,9.0,9.0,0.0,31,83,153,663,2.02999997138977,4.0,2.97000002861023,0.0,Saturday,4,April,267,9.0,High Activity,1.0,283.0,510.0,4.72,8.5,55.49,Very Short Sleep,,,,,,,,1624.0,13459.0,412.0,0.2861110416666667,50.40823970037453,120.7370532729029,18.541666666666668,False,True
3977333714,2016-04-17,10415,1529,6.96999979019165,6.96999979019165,0.0,11,58,205,600,0.699999988079071,2.34999990463257,3.92000007629395,0.0,Sunday,4,April,274,6.969999969005592,High Activity,1.0,381.0,566.0,6.35,9.43,67.31,Short Sleep,,,,,,,,1529.0,10415.0,354.0,0.24583341666666667,38.01094890510949,146.80748919827172,19.02777777777778,False,True
3977333714,2016-04-18,11663,1584,7.80000019073486,7.80000019073486,0.0,4,95,214,605,0.25,3.73000001907349,3.8199999332428,0.0,Monday,4,April,313,7.7999999523162895,High Activity,2.0,412.0,522.0,6.87,8.7,78.93,Short Sleep,,,,,,,,1583.0,11663.0,416.0,0.288888875,37.26198083067093,135.81411300694504,21.73611111111111,False,False
3977333714,2016-04-19,12414,1638,8.77999973297119,8.77999973297119,0.0,19,67,221,738,2.24000000953674,2.45000004768372,3.96000003814697,0.0,Tuesday,4,April,307,8.65000009536743,High Activity,1.0,219.0,395.0,3.65,6.58,55.44,Very Short Sleep,,,,,,,,1632.0,12257.0,412.0,0.28611108333333335,40.43648208469055,131.9478008699855,21.319444444444443,False,False
3977333714,2016-04-20,11658,1554,7.82999992370605,7.82999992370605,0.0,2,98,164,845,0.200000002980232,4.34999990463257,3.27999997138977,0.0,Wednesday,4,April,264,7.829999879002573,High Activity,2.0,152.0,305.0,2.53,5.08,49.84,Very Short Sleep,,,,,,,,1553.0,11658.0,366.0,0.2541667083333333,44.15909090909091,133.2990221307257,18.333333333333332,False,False
3977333714,2016-04-21,6093,1397,4.07999992370605,4.07999992370605,0.0,0,0,242,712,0.0,0.0,4.05999994277954,0.0,Thursday,4,April,242,4.05999994277954,High Activity,1.0,332.0,512.0,5.53,8.53,64.84,Short Sleep,,,,,,,,1394.0,6072.0,242.0,0.16805558333333334,25.177685950413224,229.27950106679796,16.805555555555557,False,False
3977333714,2016-04-22,8911,1481,5.96000003814697,5.96000003814697,0.0,33,12,188,731,2.32999992370605,0.579999983310699,3.05999994277954,0.0,Friday,4,April,233,5.969999849796289,High Activity,1.0,355.0,476.0,5.92,7.93,74.58,Short Sleep,,,,,,,,1482.0,8911.0,311.0,0.21597220833333333,38.24463519313305,166.1990797890248,16.180555555555557,False,False
3977333714,2016-04-23,12058,1638,8.06999969482422,8.06999969482422,0.0,0,92,252,724,0.0,4.21999979019165,3.84999990463257,0.0,Saturday,4,April,344,8.06999969482422,High Activity,1.0,235.0,372.0,3.92,6.2,63.17,Very Short Sleep,,,,,,,,1637.0,12058.0,436.0,0.3027777916666667,35.05232558139535,135.84342345330901,23.88888888888889,False,True
3977333714,2016-04-24,14112,1655,10.0,10.0,0.0,30,95,129,660,3.26999998092651,4.55999994277954,2.17000007629395,0.0,Sunday,4,April,254,10.0,High Activity,1.0,310.0,526.0,5.17,8.77,58.94,Short Sleep,,,,,,,,1654.0,14112.0,409.0,0.284027875,55.55905511811024,117.27607709750566,17.63888888888889,False,True
3977333714,2016-04-25,11177,1570,8.47999954223633,8.47999954223633,0.0,50,9,133,781,5.61999988555908,0.430000007152557,2.41000008583069,0.0,Monday,4,April,192,8.459999978542328,High Activity,1.0,262.0,467.0,4.37,7.78,56.1,Very Short Sleep,,,,,,,,1564.0,11168.0,301.0,0.20902774999999998,58.213541666666664,140.46703050908116,13.333333333333334,False,False
3977333714,2016-04-26,11388,1551,7.61999988555908,7.61999988555908,0.0,7,95,170,797,0.449999988079071,4.21999979019165,2.95000004768372,0.0,Tuesday,4,April,272,7.619999825954441,High Activity,1.0,250.0,371.0,4.17,6.18,67.39,Very Short Sleep,,,,,,,,1552.0,11388.0,381.0,0.264583375,41.86764705882353,136.19599578503687,18.88888888888889,False,False
3977333714,2016-04-27,7193,1377,5.03999996185303,5.03999996185303,0.0,0,10,176,714,0.0,0.419999986886978,4.61999988555908,0.0,Wednesday,4,April,186,5.039999872446058,High Activity,1.0,349.0,540.0,5.82,9.0,64.63,Short Sleep,,,,,,,,1376.0,7193.0,196.0,0.136111125,38.67204301075269,191.4361184484916,12.916666666666668,False,False
3977333714,2016-04-28,7114,1407,4.88000011444092,4.88000011444092,0.0,15,8,190,804,1.37000000476837,0.28999999165535,3.22000002861023,0.0,Thursday,4,April,213,4.88000002503395,High Activity,1.0,261.0,423.0,4.35,7.05,61.7,Very Short Sleep,,,,,,,,1404.0,7114.0,251.0,0.17430554166666667,33.39906103286385,197.7790272701715,14.791666666666666,False,False
3977333714,2016-04-29,10645,1545,7.75,7.75,0.0,36,32,150,744,3.74000000953674,1.29999995231628,2.71000003814697,0.0,Friday,4,April,218,7.74999999999999,High Activity,1.0,333.0,478.0,5.55,7.97,69.67,Short Sleep,,,,,,,,1543.0,10645.0,322.0,0.223611125,48.830275229357795,145.13856270549553,15.138888888888888,False,False
3977333714,2016-04-30,13238,1650,9.19999980926514,9.19999980926514,0.0,43,52,194,687,3.69000005722046,2.09999990463257,3.41000008583069,0.0,Saturday,4,April,289,9.20000004768372,High Activity,1.0,237.0,382.0,3.95,6.37,62.04,Very Short Sleep,,,,,,,,1650.0,13238.0,427.0,0.29652775000000003,45.806228373702425,124.64118446895301,20.069444444444446,False,True
3977333714,2016-05-01,10414,1501,7.07000017166138,7.07000017166138,0.0,41,40,124,691,2.67000007629395,1.98000001907349,2.41000008583069,0.0,Sunday,5,May,205,7.060000181198131,High Activity,1.0,383.0,626.0,6.38,10.43,61.18,Short Sleep,,,,,,,,1500.0,10414.0,327.0,0.22708345833333335,50.8,144.1328980218936,14.23611111111111,False,True
3977333714,2016-05-02,16520,1760,11.0500001907349,11.0500001907349,0.0,24,143,176,713,1.53999996185303,6.48000001907349,3.01999998092651,0.0,Monday,5,May,343,11.039999961853033,High Activity,1.0,230.0,384.0,3.83,6.4,59.9,Very Short Sleep,,,,,,,,1761.0,16520.0,534.0,0.37083333333333335,48.16326530612245,106.53753026634382,23.819444444444443,False,False
3977333714,2016-05-03,14335,1710,9.59000015258789,9.59000015258789,0.0,47,41,258,594,3.3199999332428,1.74000000953674,4.53000020980835,0.0,Tuesday,5,May,346,9.59000015258789,High Activity,1.0,292.0,500.0,4.87,8.33,58.4,Very Short Sleep,,,,,,,,1707.0,14335.0,481.0,0.3340278333333333,41.43063583815029,119.28845483083362,24.02777777777778,False,False
3977333714,2016-05-04,13559,1628,9.4399995803833,9.4399995803833,0.0,14,96,142,852,1.80999994277954,4.57999992370605,2.89000010490417,0.0,Wednesday,5,May,252,9.27999997138976,High Activity,1.0,213.0,336.0,3.55,5.6,63.39,Very Short Sleep,,,,,,,,1620.0,13373.0,376.0,0.26111104166666665,53.80555555555556,120.06785161147577,17.5,False,False
3977333714,2016-05-05,12312,1618,8.57999992370605,8.57999992370605,0.0,14,88,178,680,1.75999999046326,4.1100001335144,2.71000003814697,0.0,Thursday,5,May,280,8.58000016212463,High Activity,1.0,318.0,480.0,5.3,8.0,66.25,Short Sleep,,,,,,,,1617.0,12312.0,396.0,0.27499999999999997,43.97142857142857,131.41650422352177,19.444444444444446,False,False
3977333714,2016-05-06,11677,1590,8.27999973297119,8.27999973297119,0.0,29,55,168,676,3.10999989509583,2.50999999046326,2.67000007629395,0.0,Friday,5,May,252,8.28999996185304,High Activity,1.0,323.0,512.0,5.38,8.53,63.09,Short Sleep,,,,,,,,1587.0,11677.0,365.0,0.25347225,46.33730158730159,136.16511090177272,17.5,False,False
3977333714,2016-05-07,11550,1574,7.73000001907349,7.73000001907349,0.0,0,86,208,703,0.0,4.13000011444092,3.58999991416931,0.0,Saturday,5,May,294,7.720000028610229,High Activity,1.0,237.0,443.0,3.95,7.38,53.5,Very Short Sleep,,,,,,,,1572.0,11550.0,380.0,0.26388891666666664,39.285714285714285,136.27705627705626,20.416666666666668,False,True
3977333714,2016-05-08,13585,1633,9.09000015258789,9.09000015258789,0.0,9,116,171,688,0.680000007152557,5.23999977111816,3.17000007629395,0.0,Sunday,5,May,296,9.089999854564669,High Activity,2.0,259.0,456.0,4.32,7.6,56.8,Very Short Sleep,,,,,,,,1633.0,13585.0,430.0,0.29861112500000003,45.895270270270274,120.20610967979388,20.555555555555554,False,True
3977333714,2016-05-09,14687,1667,10.0799999237061,10.0799999237061,0.0,8,122,151,1159,0.769999980926514,5.59999990463257,3.54999995231628,0.0,Monday,5,May,281,9.919999837875364,High Activity,,,,,,,,,,,,,,,1658.0,14513.0,419.0,0.29097216666666664,52.26690391459075,113.50173622931845,19.51388888888889,False,False
3977333714,2016-05-10,13072,1630,8.77999973297119,8.77999973297119,0.0,1,115,196,676,0.0700000002980232,5.40000009536743,3.30999994277954,0.0,Tuesday,5,May,312,8.780000038444992,High Activity,1.0,312.0,452.0,5.2,7.53,69.03,Short Sleep,,,,,,,,1627.0,13072.0,429.0,0.29791670833333334,41.8974358974359,124.69400244798042,21.666666666666668,False,False
3977333714,2016-05-11,746,52,0.5,0.5,0.0,4,0,9,13,0.370000004768372,0.0,0.129999995231628,0.0,Wednesday,5,May,13,0.5,Low Activity,,,,,,,,,,,,,,,,,,,57.38461538461539,69.70509383378017,0.9027777777777777,False,False
4020332650,2016-04-12,8539,3654,6.11999988555908,6.11999988555908,0.0,4,15,331,712,0.150000005960464,0.239999994635582,5.67999982833862,0.0,Tuesday,4,April,350,6.069999828934666,High Activity,1.0,501.0,541.0,8.35,9.02,92.61,Recommended Range,83.5,49.0,133.0,33963.0,,,,3648.0,8489.0,373.0,0.25902783333333335,24.397142857142857,427.9189600655815,24.305555555555554,True,False
4020332650,2016-04-13,0,1981,0.0,0.0,0.0,0,0,0,1440,0.0,0.0,0.0,0.0,Wednesday,4,April,0,0.0,Sedentary,,,,,,,,,,,,,,,1992.0,0.0,0.0,0.0,,,0.0,False,False
4020332650,2016-04-14,108,2011,0.0799999982118607,0.0799999982118607,0.0,0,0,3,1437,0.0,0.0,0.0299999993294477,0.0,Thursday,4,April,3,0.0299999993294477,Low Activity,,,,,,,,90.7,65.0,133.0,1448.0,,,,2006.0,38.0,3.0,0.002083375,36.0,18620.370370370372,0.20833333333333334,False,False
4020332650,2016-04-15,1882,2951,1.35000002384186,1.35000002384186,0.0,36,18,87,1299,0.209999993443489,0.360000014305115,0.769999980926514,0.0,Friday,4,April,141,1.339999988675118,High Activity,,,,,,,,92.93,51.0,191.0,10947.0,,,,2955.0,1873.0,231.0,0.16041666666666668,13.347517730496454,1568.0127523910735,9.791666666666666,False,False
4020332650,2016-04-16,1982,3051,1.41999995708466,1.41999995708466,0.0,65,21,55,1222,0.449999988079071,0.370000004768372,0.589999973773956,0.0,Saturday,4,April,141,1.409999966621399,High Activity,1.0,77.0,77.0,1.28,1.28,100.0,Very Short Sleep,100.9,62.0,143.0,8523.0,,,,3059.0,1969.0,292.0,0.20277783333333332,14.056737588652481,1539.354187689203,9.791666666666666,False,True
4020332650,2016-04-17,16,1990,0.0099999997764825,0.0099999997764825,0.0,0,0,2,1438,0.0,0.0,0.0099999997764825,0.0,Sunday,4,April,2,0.0099999997764825,Low Activity,,,,,,,,98.83,66.0,116.0,69.0,,,,1999.0,7.0,2.0,0.0013888750000000001,8.0,124375.0,0.1388888888888889,False,True
4020332650,2016-04-18,62,1995,0.0399999991059303,0.0399999991059303,0.0,0,0,2,1438,0.0,0.0,0.0399999991059303,0.0,Monday,4,April,2,0.0399999991059303,Low Activity,,,,,,,,,,,,,,,2006.0,62.0,2.0,0.0013888750000000001,31.0,32177.41935483871,0.1388888888888889,False,False
4020332650,2016-04-19,0,1980,0.0,0.0,0.0,0,0,0,1440,0.0,0.0,0.0,0.0,Tuesday,4,April,0,0.0,Sedentary,,,,,,,,,,,,,,,1992.0,0.0,0.0,0.0,,,0.0,False,False
4020332650,2016-04-20,0,1980,0.0,0.0,0.0,0,0,0,1440,0.0,0.0,0.0,0.0,Wednesday,4,April,0,0.0,Sedentary,,,,,,,,,,,,,,,1992.0,0.0,0.0,0.0,,,0.0,False,False
4020332650,2016-04-21,0,1980,0.0,0.0,0.0,0,0,0,1440,0.0,0.0,0.0,0.0,Thursday,4,April,0,0.0,Sedentary,,,,,,,,,,,,,,,1992.0,0.0,0.0,0.0,,,0.0,False,False
4020332650,2016-04-22,0,1980,0.0,0.0,0.0,0,0,0,1440,0.0,0.0,0.0,0.0,Friday,4,April,0,0.0,Sedentary,,,,,,,,,,,,,,,1992.0,0.0,0.0,0.0,,,0.0,False,False
4020332650,2016-04-23,0,1980,0.0,0.0,0.0,0,0,0,1440,0.0,0.0,0.0,0.0,Saturday,4,April,0,0.0,Sedentary,,,,,,,,,,,,,,,1992.0,0.0,0.0,0.0,,,0.0,False,True
4020332650,2016-04-24,0,1980,0.0,0.0,0.0,0,0,0,1440,0.0,0.0,0.0,0.0,Sunday,4,April,0,0.0,Sedentary,,,,,,,,,,,,,,,1992.0,0.0,0.0,0.0,,,0.0,False,True
4020332650,2016-04-25,0,1980,0.0,0.0,0.0,0,0,0,1440,0.0,0.0,0.0,0.0,Monday,4,April,0,0.0,Sedentary,,,,,,,,,,,,,,,1992.0,0.0,0.0,0.0,,,0.0,False,False
4020332650,2016-04-26,0,1980,0.0,0.0,0.0,0,0,0,1440,0.0,0.0,0.0,0.0,Tuesday,4,April,0,0.0,Sedentary,,,,,,,,,,,,,,,1992.0,0.0,0.0,0.0,,,0.0,False,False
4020332650,2016-04-27,0,1980,0.0,0.0,0.0,0,0,0,1440,0.0,0.0,0.0,0.0,Wednesday,4,April,0,0.0,Sedentary,,,,,,,,,,,,,,,1992.0,0.0,0.0,0.0,,,0.0,False,False
4020332650,2016-04-28,0,1980,0.0,0.0,0.0,0,0,0,1440,0.0,0.0,0.0,0.0,Thursday,4,April,0,0.0,Sedentary,,,,,,,,,,,,,,,1992.0,0.0,0.0,0.0,,,0.0,False,False
4020332650,2016-04-29,0,1980,0.0,0.0,0.0,0,0,0,1440,0.0,0.0,0.0,0.0,Friday,4,April,0,0.0,Sedentary,,,,,,,,,,,,,,,1992.0,0.0,0.0,0.0,,,0.0,False,False
4020332650,2016-04-30,0,1980,0.0,0.0,0.0,0,0,0,1440,0.0,0.0,0.0,0.0,Saturday,4,April,0,0.0,Sedentary,,,,,,,,,,,,,,,1992.0,0.0,0.0,0.0,,,0.0,False,True
4020332650,2016-05-01,0,1980,0.0,0.0,0.0,0,0,0,1440,0.0,0.0,0.0,0.0,Sunday,5,May,0,0.0,Sedentary,,,,,,,,,,,,,,,1992.0,0.0,0.0,0.0,,,0.0,False,True
4020332650,2016-05-02,475,2207,0.340000003576279,0.340000003576279,0.0,0,11,31,1350,0.0,0.0399999991059303,0.28999999165535,0.0,Monday,5,May,42,0.3299999907612803,Moderate Activity,,,,,,,,90.3,66.0,123.0,5566.0,,,,2218.0,465.0,53.0,0.03680554166666667,11.30952380952381,4646.315789473684,2.9166666666666665,False,False
4020332650,2016-05-03,4496,2828,3.22000002861023,3.22000002861023,0.0,0,0,174,950,0.0,0.0,3.15000009536743,0.0500000007450581,Tuesday,5,May,174,3.15000009536743,High Activity,1.0,322.0,332.0,5.37,5.53,96.99,Short Sleep,77.88,52.0,127.0,35580.0,,,,2826.0,4465.0,174.0,0.12083329166666668,25.839080459770116,629.0035587188612,12.083333333333334,False,False
4020332650,2016-05-04,10252,3879,7.34999990463257,7.34999990463257,0.0,13,46,346,531,0.670000016689301,1.03999996185303,5.57999992370605,0.0,Wednesday,5,May,405,7.289999902248381,High Activity,1.0,478.0,536.0,7.97,8.93,89.18,Recommended Range,83.46,49.0,147.0,37357.0,,,,3872.0,10194.0,477.0,0.33125,25.31358024691358,378.36519703472493,28.125,True,False
4020332650,2016-05-05,11728,3429,8.43000030517578,8.43000030517578,0.0,38,42,196,916,2.61999988555908,1.67999994754791,4.03999996185303,0.0700000002980232,Thursday,5,May,276,8.339999794960018,High Activity,1.0,226.0,248.0,3.77,4.13,91.13,Very Short Sleep,85.57,49.0,126.0,21507.0,,,,3430.0,11713.0,394.0,0.273611125,42.492753623188406,292.37721691678036,19.166666666666668,False,False
4020332650,2016-05-06,4369,2704,3.13000011444092,3.13000011444092,0.0,0,0,177,855,0.0,0.0,3.09999990463257,0.0099999997764825,Friday,5,May,177,3.09999990463257,High Activity,1.0,385.0,408.0,6.42,6.8,94.36,Short Sleep,75.64,50.0,116.0,25859.0,,,,2705.0,4357.0,177.0,0.12291666666666667,24.683615819209038,618.9059281300069,12.291666666666666,False,False
4020332650,2016-05-07,6132,2975,4.40000009536743,4.40000009536743,0.0,0,0,184,1256,0.0,0.0,3.57999992370605,0.0,Saturday,5,May,184,3.57999992370605,High Activity,,,,,,,,89.09,64.0,117.0,16695.0,,,,2846.0,5005.0,184.0,0.12777775,33.32608695652174,485.1598173515982,12.777777777777777,False,True
4020332650,2016-05-08,5862,3089,4.19999980926514,4.19999980926514,0.0,0,0,263,775,0.0,0.0,4.15000009536743,0.0,Sunday,5,May,263,4.15000009536743,High Activity,1.0,364.0,402.0,6.07,6.7,90.55,Short Sleep,78.04,51.0,131.0,33998.0,,,,3083.0,5812.0,263.0,0.182638875,22.288973384030417,526.9532582736267,18.26388888888889,False,True
4020332650,2016-05-09,4556,2785,3.26999998092651,3.26999998092651,0.0,3,5,173,1225,0.200000002980232,0.119999997317791,2.94000005722046,0.0,Monday,5,May,181,3.260000057518483,High Activity,,,,,,,,86.66,55.0,155.0,15180.0,,,,2791.0,4556.0,192.0,0.13333329166666666,25.171270718232044,611.2818261633012,12.569444444444445,False,False
4020332650,2016-05-10,5546,2926,3.98000001907349,3.98000001907349,0.0,0,0,206,774,0.0,0.0,3.86999988555908,0.0399999991059303,Tuesday,5,May,206,3.86999988555908,High Activity,1.0,442.0,494.0,7.37,8.23,89.47,Recommended Range,72.62,46.0,142.0,29101.0,,,,2916.0,5474.0,206.0,0.1430555,26.92233009708738,527.5874504147133,14.305555555555555,True,False
4020332650,2016-05-11,3689,2645,2.65000009536743,2.65000009536743,0.0,2,8,134,1296,0.109999999403954,0.170000001788139,2.32999992370605,0.0,Wednesday,5,May,144,2.6099999248981427,High Activity,,,,,,,,91.23,64.0,133.0,8626.0,,,,2649.0,3663.0,156.0,0.10833329166666666,25.618055555555557,716.9964760097587,10.0,False,False
4020332650,2016-05-12,590,1120,0.419999986886978,0.419999986886978,0.0,0,0,21,721,0.0,0.0,0.409999996423721,0.0,Thursday,5,May,21,0.409999996423721,Low Activity,,,,,,,,94.27,70.0,125.0,1042.0,,,,1036.0,257.0,11.0,0.01527775,28.095238095238095,1898.3050847457628,1.4583333333333333,False,False
4057192912,2016-04-12,5394,2286,4.03000020980835,4.03000020980835,0.0,0,0,164,1276,0.0,0.0,3.94000005722046,0.0,Tuesday,4,April,164,3.94000005722046,High Activity,,,,,,,,,,,,,,,2273.0,5394.0,164.0,0.11388883333333333,32.890243902439025,423.80422691879863,11.38888888888889,False,False
4057192912,2016-04-13,5974,2306,4.46999979019165,4.46999979019165,0.0,0,0,160,1280,0.0,0.0,4.36999988555908,0.0,Wednesday,4,April,160,4.36999988555908,High Activity,,,,,,,,,,,,,,,2289.0,5974.0,160.0,0.11111116666666666,37.3375,386.006026113157,11.11111111111111,False,False
4057192912,2016-04-14,0,1776,0.0,0.0,0.0,0,0,0,1440,0.0,0.0,0.0,0.0,Thursday,4,April,0,0.0,Sedentary,,,,,,,,,,,,,,,1776.0,0.0,0.0,0.0,,,0.0,False,False
4057192912,2016-04-15,3984,1527,2.95000004768372,2.95000004768372,0.0,3,6,88,873,0.209999993443489,0.259999990463257,2.44000005722046,0.0,Friday,4,April,97,2.910000041127206,High Activity,,,,,,,,,,,,,,,1511.0,3937.0,107.0,0.1114583125,41.07216494845361,383.2831325301205,6.736111111111111,False,False
4319703577,2016-04-12,7753,2115,5.19999980926514,5.19999980926514,0.0,0,0,0,1440,0.0,0.0,0.0,0.0,Tuesday,4,April,0,0.0,Sedentary,,,,,,,,,,,,,,,1464.0,0.0,0.0,0.0,,272.7976267251386,0.0,False,False
4319703577,2016-04-13,8204,2135,5.5,5.5,0.0,8,15,96,1234,0.529999971389771,0.589999973773956,1.30999994277954,0.0,Wednesday,4,April,119,2.429999887943267,High Activity,,,,,,,,,,,,,,,1756.0,3619.0,150.0,0.10416670833333334,68.94117647058823,260.23890784982933,8.26388888888889,False,False
4319703577,2016-04-14,10210,2302,6.88000011444092,6.88000011444092,0.0,1,9,339,589,0.109999999403954,0.330000013113022,6.44000005722046,0.0,Thursday,4,April,349,6.880000069737436,High Activity,1.0,535.0,557.0,8.92,9.28,96.05,Recommended Range,,,,,,,,2299.0,10210.0,360.0,0.25000008333333334,29.255014326647565,225.4652301665034,24.23611111111111,True,False
4319703577,2016-04-15,5664,1985,3.79999995231628,3.79999995231628,0.0,0,0,228,752,0.0,0.0,3.79999995231628,0.0,Friday,4,April,228,3.79999995231628,High Activity,1.0,465.0,491.0,7.75,8.18,94.7,Recommended Range,,,,,,,,1982.0,5664.0,228.0,0.15833333333333333,24.842105263157894,350.45903954802264,15.833333333333332,True,False
4319703577,2016-04-16,4744,1884,3.1800000667572,3.1800000667572,0.0,0,0,194,724,0.0,0.0,3.1800000667572,0.0,Saturday,4,April,194,3.1800000667572,High Activity,1.0,506.0,522.0,8.43,8.7,96.93,Recommended Range,,,,,,,,1886.0,4744.0,194.0,0.13472225000000002,24.45360824742268,397.13322091062395,13.472222222222221,True,True
4319703577,2016-04-17,29,1464,0.0199999995529652,0.0199999995529652,0.0,0,0,3,1363,0.0,0.0,0.0199999995529652,0.0,Sunday,4,April,3,0.0199999995529652,Low Activity,,,,,,,,,,,,,,,1469.0,29.0,3.0,0.0020833333333333333,9.666666666666666,50482.75862068965,0.20833333333333334,False,True
4319703577,2016-04-18,2276,1632,1.54999995231628,1.54999995231628,0.0,1,9,58,824,0.0700000002980232,0.330000013113022,1.12000000476837,0.0,Monday,4,April,68,1.520000018179415,High Activity,1.0,515.0,551.0,8.58,9.18,93.47,Recommended Range,,,,,,,,1637.0,2229.0,79.0,0.05486116666666666,33.470588235294116,717.0474516695958,4.722222222222222,True,False
4319703577,2016-04-19,8925,2200,5.98999977111816,5.98999977111816,0.0,0,0,311,604,0.0,0.0,5.98999977111816,0.0,Tuesday,4,April,311,5.98999977111816,High Activity,2.0,461.0,498.0,7.68,8.3,92.57,Recommended Range,,,,,,,,2203.0,8925.0,311.0,0.21597225,28.69774919614148,246.4985994397759,21.59722222222222,True,False
4319703577,2016-04-20,8954,2220,6.01000022888184,6.01000022888184,0.0,0,18,306,671,0.0,0.680000007152557,5.30999994277954,0.0,Wednesday,4,April,324,5.9899999499320975,High Activity,1.0,523.0,543.0,8.72,9.05,96.32,Recommended Range,,,,,,,,2215.0,8915.0,342.0,0.2375000416666667,27.635802469135804,247.93388429752065,22.5,True,False
4319703577,2016-04-21,3702,1792,2.48000001907349,2.48000001907349,0.0,0,0,34,1265,0.0,0.0,0.349999994039536,0.0,Thursday,4,April,34,0.349999994039536,Moderate Activity,1.0,59.0,65.0,0.98,1.08,90.77,Very Short Sleep,,,,,,,,1530.0,517.0,34.0,0.023611125,108.88235294117646,484.06266882766073,2.361111111111111,False,False
4319703577,2016-04-22,4500,1886,3.01999998092651,3.01999998092651,0.0,1,19,176,709,0.0599999986588955,0.810000002384186,2.15000009536743,0.0,Friday,4,April,196,3.020000096410511,High Activity,1.0,533.0,550.0,8.88,9.17,96.91,Recommended Range,,,,,,,,1886.0,4500.0,217.0,0.1506945,22.959183673469386,419.1111111111111,13.61111111111111,True,False
4319703577,2016-04-23,4935,1945,3.30999994277954,3.30999994277954,0.0,0,0,233,546,0.0,0.0,3.30999994277954,0.0,Saturday,4,April,233,3.30999994277954,High Activity,1.0,692.0,722.0,11.53,12.03,95.84,Long Sleep,,,,,,,,1946.0,4935.0,233.0,0.16180562499999998,21.180257510729614,394.12360688956437,16.180555555555557,True,True
4319703577,2016-04-24,4081,1880,2.74000000953674,2.74000000953674,0.0,1,5,191,692,0.0599999986588955,0.200000002980232,2.47000002861023,0.0,Sunday,4,April,197,2.7300000302493572,High Activity,1.0,467.0,501.0,7.78,8.35,93.21,Recommended Range,,,,,,,,1883.0,4081.0,204.0,0.14166675,20.715736040609137,460.6714040676304,13.680555555555557,True,True
4319703577,2016-04-25,9259,2314,6.21000003814697,6.21000003814697,0.0,0,8,390,544,0.0,0.280000001192093,5.92999982833862,0.0,Monday,4,April,398,6.209999829530713,High Activity,1.0,488.0,506.0,8.13,8.43,96.44,Recommended Range,,,,,,,,2314.0,9259.0,406.0,0.28194437499999997,23.263819095477388,249.91899773193649,27.63888888888889,True,False
4319703577,2016-04-26,9899,2236,6.6399998664856,6.6399998664856,0.0,8,21,288,649,0.569999992847443,0.920000016689301,5.15000009536743,0.0,Tuesday,4,April,317,6.640000104904174,High Activity,1.0,505.0,516.0,8.42,8.6,97.87,Recommended Range,,,,,,,,2237.0,9899.0,354.0,0.245833375,31.22712933753943,225.88140216183456,22.01388888888889,True,False
4319703577,2016-04-27,10780,2324,7.23000001907349,7.23000001907349,0.0,6,47,300,680,0.409999996423721,1.91999995708466,4.90999984741211,0.0,Wednesday,4,April,353,7.239999800920492,High Activity,1.0,286.0,307.0,4.77,5.12,93.16,Very Short Sleep,,,,,,,,2327.0,10780.0,412.0,0.2861112083333333,30.53824362606232,215.5844155844156,24.51388888888889,False,False
4319703577,2016-04-28,10817,2367,7.28000020980835,7.28000020980835,0.0,13,8,359,552,1.00999999046326,0.330000013113022,5.94000005722046,0.0,Thursday,4,April,380,7.280000060796742,High Activity,1.0,497.0,522.0,8.28,8.7,95.21,Recommended Range,,,,,,,,2371.0,10810.0,414.0,0.28750004166666665,28.46578947368421,218.82222427660164,26.38888888888889,True,False
4319703577,2016-04-29,7990,2175,5.3600001335144,5.3600001335144,0.0,6,18,289,624,0.449999988079071,0.790000021457672,4.11999988555908,0.0,Friday,4,April,313,5.359999895095823,High Activity,1.0,523.0,546.0,8.72,9.1,95.79,Recommended Range,,,,,,,,2177.0,7990.0,343.0,0.23819445833333333,25.527156549520768,272.2152690863579,21.73611111111111,True,False
4319703577,2016-04-30,8221,2092,5.51999998092651,5.51999998092651,0.0,6,38,196,695,0.400000005960464,1.61000001430511,3.50999999046326,0.0,Saturday,4,April,240,5.520000010728834,High Activity,1.0,490.0,516.0,8.17,8.6,94.96,Recommended Range,,,,,,,,2094.0,8221.0,290.0,0.201388875,34.25416666666667,254.4702590925678,16.666666666666664,True,True
4319703577,2016-05-01,1251,1593,0.839999973773956,0.839999973773956,0.0,0,0,67,836,0.0,0.0,0.839999973773956,0.0,Sunday,5,May,67,0.839999973773956,High Activity,1.0,484.0,500.0,8.07,8.33,96.8,Recommended Range,,,,,,,,1598.0,1251.0,67.0,0.04652775,18.671641791044777,1273.381294964029,4.652777777777778,True,True
4319703577,2016-05-02,9261,2270,6.23999977111816,6.23999977111816,0.0,0,11,344,585,0.0,0.439999997615814,5.71000003814697,0.0,Monday,5,May,355,6.150000035762784,High Activity,1.0,478.0,506.0,7.97,8.43,94.47,Recommended Range,,,,,,,,2267.0,9121.0,366.0,0.25416675,26.08732394366197,245.11391858330637,24.65277777777778,True,False
4319703577,2016-05-03,9648,2235,6.46999979019165,6.46999979019165,0.0,8,26,287,669,0.579999983310699,1.07000005245209,4.82999992370605,0.0,Tuesday,5,May,321,6.47999995946884,High Activity,1.0,474.0,512.0,7.9,8.53,92.58,Recommended Range,,,,,,,,2237.0,9648.0,363.0,0.252083375,30.05607476635514,231.6542288557214,22.291666666666668,True,False
4319703577,2016-05-04,10429,2282,7.01999998092651,7.01999998092651,0.0,8,13,313,1106,0.589999973773956,0.579999983310699,5.84999990463257,0.0,Wednesday,5,May,334,7.019999861717225,High Activity,,,,,,,,,,,,,,,2286.0,10429.0,363.0,0.252083375,31.224550898203592,218.81292549621247,23.194444444444446,False,False
4319703577,2016-05-05,13658,2530,9.48999977111816,9.48999977111816,0.0,27,34,328,957,2.63000011444092,1.4099999666214,5.44999980926514,0.0,Thursday,5,May,389,9.48999989032746,High Activity,,,,,,,,,,,,,,,2533.0,13658.0,477.0,0.33125008333333333,35.11053984575835,185.23942012007615,27.013888888888886,False,False
4319703577,2016-05-06,9524,2266,6.42000007629395,6.42000007629395,0.0,6,11,314,692,0.409999996423721,0.469999998807907,5.46000003814697,0.0,Friday,5,May,331,6.3400000333785975,High Activity,1.0,450.0,491.0,7.5,8.18,91.65,Recommended Range,,,,,,,,2264.0,9426.0,354.0,0.24583333333333332,28.773413897280967,237.92524149517013,22.98611111111111,True,False
4319703577,2016-05-07,7937,2158,5.32999992370605,5.32999992370605,0.0,3,28,279,586,0.189999997615814,1.04999995231628,4.07999992370605,0.0,Saturday,5,May,310,5.319999873638144,High Activity,1.0,507.0,530.0,8.45,8.83,95.66,Recommended Range,,,,,,,,2160.0,7937.0,344.0,0.23888895833333335,25.60322580645161,271.89114274914954,21.52777777777778,True,True
4319703577,2016-05-08,3672,1792,2.46000003814697,2.46000003814697,0.0,0,0,153,603,0.0,0.0,2.46000003814697,0.0,Sunday,5,May,153,2.46000003814697,High Activity,1.0,602.0,638.0,10.03,10.63,94.36,Long Sleep,,,,,,,,1795.0,3672.0,153.0,0.10624995833333334,24.0,488.0174291938998,10.625,True,True
4319703577,2016-05-09,10378,2345,6.96000003814697,6.96000003814697,0.0,2,14,374,490,0.140000000596046,0.560000002384186,6.25,0.0,Monday,5,May,390,6.950000002980232,High Activity,1.0,535.0,565.0,8.92,9.42,94.69,Recommended Range,,,,,,,,2347.0,10362.0,408.0,0.28333320833333336,26.61025641025641,225.95875891308538,27.083333333333332,True,False
4319703577,2016-05-10,9487,2260,6.36999988555908,6.36999988555908,0.0,3,12,329,555,0.209999993443489,0.46000000834465,5.69999980926514,0.0,Tuesday,5,May,344,6.36999981105328,High Activity,1.0,487.0,517.0,8.12,8.62,94.2,Recommended Range,,,,,,,,2261.0,9487.0,362.0,0.2513889166666667,27.578488372093023,238.22072309476124,23.88888888888889,True,False
4319703577,2016-05-11,9129,2232,6.13000011444092,6.13000011444092,0.0,3,18,311,574,0.200000002980232,0.740000009536743,5.17999982833862,0.0,Wednesday,5,May,332,6.119999840855596,High Activity,1.0,529.0,558.0,8.82,9.3,94.8,Recommended Range,,,,,,,,2233.0,9129.0,356.0,0.24722225,27.496987951807228,244.49556358856393,23.055555555555557,True,False
4319703577,2016-05-12,17,257,0.0099999997764825,0.0099999997764825,0.0,0,0,2,0,0.0,0.0,0.0099999997764825,0.0,Thursday,5,May,2,0.0099999997764825,Low Activity,1.0,302.0,321.0,5.03,5.35,94.08,Short Sleep,,,,,,,,247.0,17.0,2.0,0.0083335,8.5,15117.647058823528,0.1388888888888889,False,False
4388161847,2016-04-12,10122,2955,7.78000020980835,7.78000020980835,0.0,0,0,0,1440,0.0,0.0,0.0,0.0,Tuesday,4,April,0,0.0,Sedentary,,,,,,,,,,,,,,,1872.0,0.0,0.0,0.0,,291.93835210432724,0.0,False,False
4388161847,2016-04-13,10993,3092,8.44999980926514,8.44999980926514,0.0,1,14,150,1275,0.0599999986588955,0.629999995231628,3.88000011444092,0.0,Wednesday,4,April,165,4.570000108331444,High Activity,,,,,,,,67.04,45.0,130.0,8208.0,,,,2507.0,5938.0,181.0,0.12569445833333334,66.62424242424242,281.2698990266533,11.458333333333332,False,False
4388161847,2016-04-14,8863,2998,6.82000017166138,6.82000017166138,0.0,10,35,219,945,0.129999995231628,1.07000005245209,5.61999988555908,0.0,Thursday,4,April,264,6.819999933242798,High Activity,,,,,,,,68.44,48.0,132.0,7392.0,,,,2996.0,8863.0,319.0,0.22152775,33.571969696969695,338.26018278235364,18.333333333333332,False,False
4388161847,2016-04-15,8758,3066,6.73000001907349,6.73000001907349,0.0,0,0,299,837,0.0,0.0,6.73000001907349,0.0,Friday,4,April,299,6.73000001907349,High Activity,1.0,499.0,526.0,8.32,8.77,94.87,Recommended Range,67.47,44.0,127.0,9205.0,,,,3065.0,8758.0,299.0,0.207639,29.29096989966555,350.07992692395527,20.76388888888889,True,False
4388161847,2016-04-16,6580,3073,5.05999994277954,5.05999994277954,0.0,6,9,253,609,0.209999993443489,0.400000005960464,4.44999980926514,0.0,Saturday,4,April,268,5.059999808669093,High Activity,2.0,426.0,448.0,7.1,7.47,95.09,Recommended Range,75.48,56.0,142.0,8970.0,,,,3075.0,6580.0,289.0,0.20069445833333333,24.55223880597015,467.02127659574467,18.61111111111111,True,True
4388161847,2016-04-17,4660,2572,3.57999992370605,3.57999992370605,0.0,0,0,201,721,0.0,0.0,3.57999992370605,0.0,Sunday,4,April,201,3.57999992370605,High Activity,2.0,619.0,641.0,10.32,10.68,96.57,Long Sleep,66.39,49.0,113.0,8550.0,,,,2573.0,4660.0,201.0,0.13958345833333333,23.18407960199005,551.931330472103,13.958333333333334,True,True
4388161847,2016-04-18,11009,3274,9.10000038146973,9.10000038146973,0.0,27,8,239,1017,3.55999994277954,0.400000005960464,5.1399998664856,0.0,Monday,4,April,274,9.099999815225605,High Activity,1.0,99.0,104.0,1.65,1.73,95.19,Very Short Sleep,81.49,50.0,176.0,8051.0,,,,3273.0,11009.0,336.0,0.23333337499999998,40.17883211678832,297.3930420564992,19.02777777777778,False,False
4388161847,2016-04-19,10181,3015,7.82999992370605,7.82999992370605,0.0,20,16,249,704,1.37000000476837,0.689999997615814,5.76999998092651,0.0,Tuesday,4,April,285,7.829999983310694,High Activity,1.0,329.0,338.0,5.48,5.63,97.34,Short Sleep,65.53,46.0,136.0,9274.0,,,,3016.0,10181.0,341.0,0.23680554166666667,35.72280701754386,296.1398683822807,19.791666666666664,False,False
4388161847,2016-04-20,10553,3083,8.11999988555908,8.11999988555908,0.0,19,42,228,696,1.10000002384186,1.72000002861023,5.28999996185303,0.0,Wednesday,4,April,289,8.11000001430512,High Activity,1.0,421.0,451.0,7.02,7.52,93.35,Recommended Range,65.4,46.0,149.0,9216.0,,,,3085.0,10553.0,369.0,0.2562499166666667,36.515570934256054,292.14441391073626,20.069444444444446,True,False
4388161847,2016-04-21,10055,3069,7.73000001907349,7.73000001907349,0.0,7,12,272,853,0.370000004768372,0.389999985694885,6.98000001907349,0.0,Thursday,4,April,291,7.740000009536747,High Activity,1.0,442.0,458.0,7.37,7.63,96.51,Recommended Range,63.1,42.0,146.0,7907.0,,,,3070.0,10055.0,317.0,0.22013891666666666,34.553264604811,305.22128294380906,20.208333333333332,True,False
4388161847,2016-04-22,12139,3544,9.34000015258789,9.34000015258789,0.0,77,25,220,945,3.29999995231628,1.11000001430511,4.92000007629395,0.0,Friday,4,April,322,9.33000004291534,High Activity,1.0,82.0,85.0,1.37,1.42,96.47,Very Short Sleep,73.28,49.0,149.0,7298.0,,,,3542.0,12139.0,501.0,0.3479167083333334,37.69875776397515,291.9515610841091,22.36111111111111,False,False
4388161847,2016-04-23,13236,3306,10.1800003051758,10.1800003051758,0.0,58,5,215,749,4.5,0.319999992847443,5.34999990463257,0.0,Saturday,4,April,278,10.169999897480013,High Activity,1.0,478.0,501.0,7.97,8.35,95.41,Recommended Range,67.08,44.0,158.0,9326.0,,,,3311.0,13236.0,399.0,0.27708341666666664,47.611510791366904,249.77334542157752,19.305555555555557,True,True
4388161847,2016-04-24,10243,2885,7.88000011444092,7.88000011444092,0.0,14,8,239,584,1.08000004291534,0.509999990463257,6.30000019073486,0.0,Sunday,4,April,261,7.890000224113457,High Activity,3.0,552.0,595.0,9.2,9.92,92.77,Long Sleep,62.1,44.0,139.0,8663.0,,,,2882.0,10243.0,297.0,0.20624995833333334,39.24521072796935,281.6557649126232,18.125,True,True
4388161847,2016-04-25,12961,3288,9.97000026702881,9.97000026702881,0.0,11,31,301,1054,0.730000019073486,1.39999997615814,7.84000015258789,0.0,Monday,4,April,343,9.970000147819515,High Activity,,,,,,,,67.51,45.0,150.0,7759.0,,,,3287.0,12961.0,396.0,0.2750000833333333,37.78717201166181,253.68412931100994,23.819444444444443,False,False
4388161847,2016-04-26,9461,2929,7.28000020980835,7.28000020980835,0.0,14,23,224,673,0.939999997615814,1.05999994277954,5.26999998092651,0.0,Tuesday,4,April,261,7.269999921321864,High Activity,1.0,319.0,346.0,5.32,5.77,92.2,Short Sleep,62.51,42.0,128.0,9229.0,,,,2930.0,9461.0,312.0,0.216666625,36.24904214559387,309.58672444773276,18.125,False,False
4388161847,2016-04-27,11193,3074,8.60999965667725,8.60999965667725,0.0,11,48,241,684,0.699999988079071,2.50999999046326,5.3899998664856,0.0,Wednesday,4,April,300,8.59999984502793,High Activity,1.0,439.0,500.0,7.32,8.33,87.8,Recommended Range,62.12,42.0,153.0,9351.0,,,,3073.0,11193.0,370.0,0.25694454166666664,37.31,274.63593317251855,20.833333333333336,True,False
4388161847,2016-04-28,10074,2969,7.75,7.75,0.0,19,9,234,878,1.28999996185303,0.430000007152557,6.03000020980835,0.0,Thursday,4,April,262,7.750000178813936,High Activity,1.0,428.0,458.0,7.13,7.63,93.45,Recommended Range,62.33,41.0,131.0,7786.0,,,,2968.0,10074.0,309.0,0.214583375,38.45038167938932,294.719078816756,18.194444444444443,True,False
4388161847,2016-04-29,9232,2979,7.09999990463257,7.09999990463257,0.0,13,16,236,1175,0.800000011920929,0.889999985694885,5.42000007629395,0.0,Friday,4,April,265,7.110000073909764,High Activity,,,,,,,,66.11,44.0,133.0,7489.0,,,,2978.0,9232.0,307.0,0.2131944166666667,34.83773584905661,322.68197573656846,18.40277777777778,False,False
4388161847,2016-04-30,12533,3283,9.64000034332275,9.64000034332275,0.0,14,43,300,537,0.699999988079071,2.0,6.94000005722046,0.0,Saturday,4,April,357,9.64000004529953,High Activity,2.0,409.0,430.0,6.82,7.17,95.12,Short Sleep,64.23,45.0,113.0,9302.0,,,,3284.0,12533.0,428.0,0.29722225,35.10644257703081,261.9484560759595,24.791666666666668,False,True
4388161847,2016-05-01,10255,2926,7.8899998664856,7.8899998664856,0.0,12,15,241,579,1.00999999046326,0.680000007152557,6.19999980926514,0.0,Sunday,5,May,268,7.889999806880957,High Activity,1.0,547.0,597.0,9.12,9.95,91.62,Long Sleep,60.02,39.0,105.0,8837.0,,,,2926.0,10255.0,307.0,0.2131944583333333,38.264925373134325,285.32423208191125,18.61111111111111,True,True
4388161847,2016-05-02,10096,3147,8.39999961853027,8.39999961853027,0.0,33,4,204,935,3.76999998092651,0.0799999982118607,4.55000019073486,0.0,Monday,5,May,241,8.40000016987323,High Activity,2.0,368.0,376.0,6.13,6.27,97.87,Short Sleep,66.39,43.0,180.0,8216.0,,,,3146.0,10096.0,311.0,0.21597225,41.892116182572614,311.70760697305866,16.73611111111111,False,False
4388161847,2016-05-03,12727,3290,9.78999996185303,9.78999996185303,0.0,18,18,306,984,1.12999999523163,0.779999971389771,7.88000011444092,0.0,Tuesday,5,May,342,9.79000008106232,High Activity,,,,,,,,66.62,44.0,135.0,7740.0,,,,3289.0,12727.0,396.0,0.275,37.21345029239766,258.5055394044158,23.75,False,False
4388161847,2016-05-04,12375,3162,9.52000045776367,9.52000045776367,0.0,35,21,251,632,2.78999996185303,0.930000007152557,5.80000019073486,0.0,Wednesday,5,May,307,9.520000159740446,High Activity,1.0,390.0,414.0,6.5,6.9,94.2,Short Sleep,61.95,42.0,126.0,9172.0,,,,3162.0,12375.0,398.0,0.27638883333333336,40.30944625407166,255.5151515151515,21.319444444444443,False,False
4388161847,2016-05-05,9603,2899,7.38000011444092,7.38000011444092,0.0,12,39,199,896,0.629999995231628,1.66999995708466,5.09000015258789,0.0,Thursday,5,May,250,7.3900001049041775,High Activity,1.0,471.0,495.0,7.85,8.25,95.15,Recommended Range,61.04,42.0,123.0,7797.0,,,,2899.0,9603.0,313.0,0.21736112500000002,38.412,301.88482765802354,17.36111111111111,True,False
4388161847,2016-05-06,13175,3425,10.1300001144409,10.1300001144409,0.0,33,45,262,1100,2.10999989509583,2.08999991416931,5.92999982833862,0.0,Friday,5,May,340,10.12999963760376,High Activity,,,,,,,,69.08,47.0,151.0,8188.0,,,,3423.0,13175.0,451.0,0.3131944583333333,38.75,259.96204933586336,23.61111111111111,False,False
4388161847,2016-05-07,22770,4022,17.5400009155273,17.5400009155273,0.0,120,56,260,508,9.44999980926514,2.76999998092651,5.32999992370605,0.0,Saturday,5,May,436,17.5499997138977,High Activity,1.0,472.0,496.0,7.87,8.27,95.16,Recommended Range,66.63,41.0,153.0,9609.0,,,,4022.0,22770.0,732.0,0.508333375,52.22477064220183,176.63592446201142,30.277777777777775,True,True
4388161847,2016-05-08,17298,3934,14.3800001144409,14.3800001144409,0.0,107,38,178,576,9.89000034332275,1.25999999046326,3.23000001907349,0.0,Sunday,5,May,323,14.3800003528595,High Activity,2.0,529.0,541.0,8.82,9.02,97.78,Recommended Range,76.78,43.0,171.0,9241.0,,,,3935.0,17298.0,575.0,0.3993055833333334,53.55417956656347,227.42513585385595,22.430555555555557,True,True
4388161847,2016-05-09,10218,3013,7.8600001335144,7.8600001335144,0.0,6,19,258,1020,0.340000003576279,0.730000019073486,6.78999996185303,0.0,Monday,5,May,283,7.859999984502795,High Activity,1.0,62.0,65.0,1.03,1.08,95.38,Very Short Sleep,64.05,44.0,140.0,7425.0,,,,3012.0,10218.0,314.0,0.21805558333333333,36.10600706713781,294.87179487179486,19.65277777777778,False,False
4388161847,2016-05-10,10299,3061,7.92000007629395,7.92000007629395,0.0,13,14,267,648,0.810000002384186,0.649999976158142,6.46000003814697,0.0,Tuesday,5,May,294,7.920000016689298,High Activity,1.0,354.0,375.0,5.9,6.25,94.4,Short Sleep,61.22,41.0,121.0,9285.0,,,,3059.0,10299.0,334.0,0.23194454166666667,35.03061224489796,297.2133216817167,20.416666666666668,False,False
4388161847,2016-05-11,10201,2954,7.84000015258789,7.84000015258789,0.0,8,18,256,858,0.529999971389771,0.790000021457672,6.53000020980835,0.0,Wednesday,5,May,282,7.850000202655792,High Activity,1.0,469.0,494.0,7.82,8.23,94.94,Recommended Range,59.97,40.0,125.0,8026.0,,,,2954.0,10201.0,316.0,0.21944445833333334,36.173758865248224,289.5794529948044,19.583333333333332,True,False
4388161847,2016-05-12,3369,1623,2.58999991416931,2.58999991416931,0.0,0,0,108,825,0.0,0.0,2.58999991416931,0.0,Thursday,5,May,108,2.58999991416931,High Activity,,,,,,,,60.25,44.0,136.0,3236.0,,,,1553.0,3079.0,101.0,0.11222226666666665,31.194444444444443,481.7453250222618,7.5,False,False
4445114986,2016-04-12,3276,2113,2.20000004768372,2.20000004768372,0.0,0,0,196,787,0.0,0.0,2.20000004768372,0.0,Tuesday,4,April,196,2.20000004768372,High Activity,2.0,429.0,457.0,7.15,7.62,93.87,Recommended Range,,,,,,,,2115.0,3276.0,196.0,0.13611108333333333,16.714285714285715,644.9938949938951,13.61111111111111,True,False
4445114986,2016-04-13,2961,2095,1.99000000953674,1.99000000953674,0.0,0,0,194,840,0.0,0.0,1.99000000953674,0.0,Wednesday,4,April,194,1.99000000953674,High Activity,2.0,370.0,406.0,6.17,6.77,91.13,Short Sleep,,,,,,,,2096.0,2961.0,194.0,0.13472220833333334,15.262886597938145,707.5312394461331,13.472222222222221,False,False
4445114986,2016-04-14,3974,2194,2.67000007629395,2.67000007629395,0.0,0,0,231,717,0.0,0.0,2.67000007629395,0.0,Thursday,4,April,231,2.67000007629395,High Activity,1.0,441.0,492.0,7.35,8.2,89.63,Recommended Range,,,,,,,,2191.0,3974.0,231.0,0.16041670833333332,17.203463203463205,552.0885757423251,16.041666666666668,True,False
4445114986,2016-04-15,7198,2496,4.82999992370605,4.82999992370605,0.0,0,0,350,711,0.0,0.0,4.82999992370605,0.0,Friday,4,April,350,4.82999992370605,High Activity,2.0,337.0,379.0,5.62,6.32,88.92,Short Sleep,,,,,,,,2494.0,7198.0,350.0,0.24305554166666665,20.565714285714286,346.7629897193665,24.305555555555554,False,False
4445114986,2016-04-16,3945,2180,2.65000009536743,2.65000009536743,0.0,0,0,225,716,0.0,0.0,2.65000009536743,0.0,Saturday,4,April,225,2.65000009536743,High Activity,1.0,462.0,499.0,7.7,8.32,92.59,Recommended Range,,,,,,,,2183.0,3945.0,225.0,0.15625004166666664,17.533333333333335,552.5982256020279,15.625,True,True
4445114986,2016-04-17,2268,1933,1.51999998092651,1.51999998092651,0.0,0,0,114,1219,0.0,0.0,1.51999998092651,0.0,Sunday,4,April,114,1.51999998092651,High Activity,1.0,98.0,107.0,1.63,1.78,91.59,Very Short Sleep,,,,,,,,1930.0,2258.0,114.0,0.07916670833333334,19.894736842105264,852.2927689594356,7.916666666666666,False,True
4445114986,2016-04-18,6155,2248,4.23999977111816,4.23999977111816,0.0,25,6,162,1247,2.0,0.28999999165535,1.95000004768372,0.0,Monday,4,April,193,4.24000003933907,High Activity,,,,,,,,,,,,,,,2250.0,6155.0,249.0,0.1729166666666667,31.89119170984456,365.2315190901706,13.402777777777777,False,False
4445114986,2016-04-19,2064,1954,1.38999998569489,1.38999998569489,0.0,0,0,121,895,0.0,0.0,1.38999998569489,0.0,Tuesday,4,April,121,1.38999998569489,High Activity,2.0,388.0,424.0,6.47,7.07,91.51,Short Sleep,,,,,,,,1954.0,2064.0,121.0,0.08402770833333334,17.05785123966942,946.7054263565891,8.402777777777779,False,False
4445114986,2016-04-20,2072,1974,1.38999998569489,1.38999998569489,0.0,0,0,137,841,0.0,0.0,1.38999998569489,0.0,Wednesday,4,April,137,1.38999998569489,High Activity,1.0,439.0,462.0,7.32,7.7,95.02,Recommended Range,,,,,,,,1973.0,2072.0,137.0,0.09513891666666667,15.124087591240876,952.7027027027027,9.51388888888889,True,False
4445114986,2016-04-21,3809,2150,2.55999994277954,2.55999994277954,0.0,0,0,215,756,0.0,0.0,2.53999996185303,0.0,Thursday,4,April,215,2.53999996185303,High Activity,1.0,436.0,469.0,7.27,7.82,92.96,Recommended Range,,,,,,,,2145.0,3789.0,215.0,0.14930558333333332,17.71627906976744,564.4526122341822,14.930555555555555,True,False
4445114986,2016-04-22,6831,2432,4.57999992370605,4.57999992370605,0.0,0,0,317,706,0.0,0.0,4.57999992370605,0.0,Friday,4,April,317,4.57999992370605,High Activity,1.0,388.0,417.0,6.47,6.95,93.05,Short Sleep,,,,,,,,2432.0,6831.0,317.0,0.22013891666666666,21.548895899053626,356.0240081979212,22.01388888888889,False,False
4445114986,2016-04-23,4363,2149,2.9300000667572,2.9300000667572,0.0,0,0,201,1239,0.0,0.0,2.9300000667572,0.0,Saturday,4,April,201,2.9300000667572,High Activity,,,,,,,,,,,,,,,2151.0,4363.0,201.0,0.13958333333333334,21.70646766169154,492.55099702039877,13.958333333333334,False,True
4445114986,2016-04-24,5002,2247,3.35999989509583,3.35999989509583,0.0,0,0,244,1196,0.0,0.0,3.35999989509583,0.0,Sunday,4,April,244,3.35999989509583,High Activity,,,,,,,,,,,,,,,2249.0,5002.0,244.0,0.169444375,20.5,449.22031187524993,16.944444444444446,False,True
4445114986,2016-04-25,3385,2070,2.26999998092651,2.26999998092651,0.0,0,0,179,916,0.0,0.0,2.26999998092651,0.0,Monday,4,April,179,2.26999998092651,High Activity,1.0,328.0,345.0,5.47,5.75,95.07,Short Sleep,,,,,,,,2074.0,3385.0,179.0,0.12430554166666667,18.910614525139664,611.5214180206796,12.430555555555555,False,False
4445114986,2016-04-26,6326,2291,4.40999984741211,4.40999984741211,0.0,29,1,180,839,2.41000008583069,0.0399999991059303,1.96000003814697,0.0,Tuesday,4,April,210,4.41000012308359,High Activity,2.0,353.0,391.0,5.88,6.52,90.28,Short Sleep,,,,,,,,2293.0,6326.0,269.0,0.18680554166666666,30.123809523809523,362.1561808409738,14.583333333333334,False,False
4445114986,2016-04-27,7243,2361,5.03000020980835,5.03000020980835,0.0,32,1,194,839,2.61999988555908,0.0299999993294477,2.38000011444092,0.0,Wednesday,4,April,227,5.029999999329448,High Activity,1.0,332.0,374.0,5.53,6.23,88.77,Short Sleep,,,,,,,,2361.0,7243.0,292.0,0.20277779166666668,31.90748898678414,325.96990197432,15.76388888888889,False,False
4445114986,2016-04-28,4493,2203,3.00999999046326,3.00999999046326,0.0,0,0,236,762,0.0,0.0,3.00999999046326,0.0,Thursday,4,April,236,3.00999999046326,High Activity,1.0,419.0,442.0,6.98,7.37,94.8,Short Sleep,,,,,,,,2204.0,4493.0,236.0,0.163888875,19.03813559322034,490.3182728689072,16.38888888888889,False,False
4445114986,2016-04-29,4676,2196,3.14000010490417,3.14000010490417,0.0,0,0,226,1106,0.0,0.0,3.13000011444092,0.0,Friday,4,April,226,3.13000011444092,High Activity,1.0,106.0,108.0,1.77,1.8,98.15,Very Short Sleep,,,,,,,,2195.0,4658.0,226.0,0.15694450000000001,20.690265486725664,469.6321642429427,15.694444444444445,False,False
4445114986,2016-04-30,6222,2363,4.17999982833862,4.17999982833862,0.0,0,0,290,797,0.0,0.0,4.17999982833862,0.0,Saturday,4,April,290,4.17999982833862,High Activity,1.0,322.0,353.0,5.37,5.88,91.22,Short Sleep,,,,,,,,2362.0,6222.0,290.0,0.20138891666666667,21.455172413793104,379.7814207650273,20.13888888888889,False,True
4445114986,2016-05-01,5232,2246,3.50999999046326,3.50999999046326,0.0,0,0,240,741,0.0,0.0,3.50999999046326,0.0,Sunday,5,May,240,3.50999999046326,High Activity,2.0,439.0,459.0,7.32,7.65,95.64,Recommended Range,,,,,,,,2250.0,5232.0,240.0,0.16666666666666666,21.8,429.28134556574923,16.666666666666664,True,True
4445114986,2016-05-02,6910,2336,4.75,4.75,0.0,27,4,200,667,2.21000003814697,0.189999997615814,2.34999990463257,0.0,Monday,5,May,231,4.749999940395354,High Activity,1.0,502.0,542.0,8.37,9.03,92.62,Recommended Range,,,,,,,,2335.0,6910.0,289.0,0.20069441666666665,29.913419913419915,338.0607814761216,16.041666666666668,True,False
4445114986,2016-05-03,7502,2421,5.17999982833862,5.17999982833862,0.0,30,2,233,725,2.48000001907349,0.109999999403954,2.57999992370605,0.0,Tuesday,5,May,265,5.169999942183494,High Activity,2.0,417.0,450.0,6.95,7.5,92.67,Short Sleep,,,,,,,,2420.0,7502.0,327.0,0.227083375,28.30943396226415,322.71394294854707,18.40277777777778,False,False
4445114986,2016-05-04,2923,2070,1.96000003814697,1.96000003814697,0.0,0,0,180,897,0.0,0.0,1.96000003814697,0.0,Wednesday,5,May,180,1.96000003814697,High Activity,2.0,337.0,363.0,5.62,6.05,92.84,Short Sleep,,,,,,,,2071.0,2923.0,180.0,0.12500008333333332,16.238888888888887,708.1765309613411,12.5,False,False
4445114986,2016-05-05,3800,2120,2.54999995231628,2.54999995231628,0.0,2,6,185,734,0.119999997317791,0.239999994635582,2.1800000667572,0.0,Thursday,5,May,193,2.540000058710573,High Activity,2.0,462.0,513.0,7.7,8.55,90.06,Recommended Range,,,,,,,,2122.0,3800.0,203.0,0.14097225,19.689119170984455,557.8947368421053,13.402777777777777,True,False
4445114986,2016-05-06,4514,2211,3.02999997138977,3.02999997138977,0.0,0,0,229,809,0.0,0.0,3.02999997138977,0.0,Friday,5,May,229,3.02999997138977,High Activity,2.0,374.0,402.0,6.23,6.7,93.03,Short Sleep,,,,,,,,2211.0,4514.0,229.0,0.15902791666666669,19.7117903930131,489.8094816127603,15.902777777777777,False,False
4445114986,2016-05-07,5183,2123,3.58999991416931,3.58999991416931,0.0,26,4,108,866,2.13000011444092,0.189999997615814,1.25,0.0,Saturday,5,May,138,3.570000112056734,High Activity,2.0,401.0,436.0,6.68,7.27,91.97,Short Sleep,,,,,,,,2123.0,5167.0,194.0,0.13472220833333334,37.55797101449275,409.60833494115377,9.583333333333334,False,True
4445114986,2016-05-08,7303,2423,4.90000009536743,4.90000009536743,0.0,0,8,308,733,0.0,0.25,4.65000009536743,0.0,Sunday,5,May,316,4.90000009536743,High Activity,1.0,361.0,391.0,6.02,6.52,92.33,Short Sleep,,,,,,,,2423.0,7303.0,324.0,0.22499995833333333,23.110759493670887,331.78145967410654,21.944444444444443,False,True
4445114986,2016-05-09,5275,2281,3.53999996185303,3.53999996185303,0.0,0,0,266,641,0.0,0.0,3.53999996185303,0.0,Monday,5,May,266,3.53999996185303,High Activity,1.0,457.0,533.0,7.62,8.88,85.74,Recommended Range,,,,,,,,2279.0,5275.0,266.0,0.18472225,19.830827067669173,432.4170616113744,18.47222222222222,True,False
4445114986,2016-05-10,3915,2181,2.63000011444092,2.63000011444092,0.0,0,0,231,783,0.0,0.0,2.63000011444092,0.0,Tuesday,5,May,231,2.63000011444092,High Activity,1.0,405.0,426.0,6.75,7.1,95.07,Short Sleep,,,,,,,,2181.0,3915.0,231.0,0.16041670833333332,16.948051948051948,557.088122605364,16.041666666666668,False,False
4445114986,2016-05-11,9105,2499,6.1100001335144,6.1100001335144,0.0,34,22,232,622,2.25,1.0,2.85999989509583,0.0,Wednesday,5,May,288,6.1099998950958305,High Activity,1.0,499.0,530.0,8.32,8.83,94.15,Recommended Range,,,,,,,,2502.0,9105.0,378.0,0.26249991666666667,31.614583333333332,274.4645799011532,20.0,True,False
4445114986,2016-05-12,768,1212,0.519999980926514,0.519999980926514,0.0,0,0,58,380,0.0,0.0,0.519999980926514,0.0,Thursday,5,May,58,0.519999980926514,Moderate Activity,1.0,483.0,501.0,8.05,8.35,96.41,Recommended Range,,,,,,,,1152.0,687.0,51.0,0.05666673333333334,13.241379310344827,1578.125,4.027777777777778,True,False
4558609924,2016-04-12,5135,1909,3.39000010490417,3.39000010490417,0.0,0,0,318,1122,0.0,0.0,3.39000010490417,0.0,Tuesday,4,April,318,3.39000010490417,High Activity,,,,,,,,76.64,57.0,104.0,5973.0,,,,1912.0,5135.0,318.0,0.220833375,16.147798742138363,371.7624148003895,22.083333333333332,False,False
4558609924,2016-04-13,4978,1722,3.28999996185303,3.28999996185303,0.0,19,7,127,1287,1.24000000953674,0.439999997615814,1.61000001430511,0.0,Wednesday,4,April,153,3.290000021457664,High Activity,,,,,,,,85.1,64.0,144.0,2643.0,,,,1728.0,4978.0,198.0,0.13750004166666668,32.5359477124183,345.9220570510245,10.625,False,False
4558609924,2016-04-14,6799,1922,4.48999977111816,4.48999977111816,0.0,0,0,279,1161,0.0,0.0,4.48999977111816,0.0,Thursday,4,April,279,4.48999977111816,High Activity,,,,,,,,81.56,56.0,108.0,5331.0,,,,1925.0,6799.0,279.0,0.19374991666666666,24.369175627240143,282.6886306809825,19.375,False,False
4558609924,2016-04-15,7795,2121,5.15000009536743,5.15000009536743,0.0,17,30,262,1131,0.589999973773956,0.839999973773956,3.73000001907349,0.0,Friday,4,April,309,5.159999966621402,High Activity,,,,,,,,90.86,58.0,146.0,8102.0,,,,2124.0,7795.0,373.0,0.2590277916666667,25.22653721682848,272.09749839640796,21.458333333333332,False,False
4558609924,2016-04-16,7289,1997,4.82000017166138,4.82000017166138,0.0,8,12,308,1112,0.550000011920929,0.75,3.5,0.0,Saturday,4,April,328,4.800000011920929,High Activity,,,,,,,,76.3,55.0,135.0,6881.0,,,,1993.0,7265.0,356.0,0.24722229166666668,22.222560975609756,273.97448209630954,22.77777777777778,False,True
4558609924,2016-04-17,9634,2117,6.40000009536743,6.40000009536743,0.0,7,19,304,1110,0.550000011920929,1.13999998569489,4.71000003814697,0.0,Sunday,4,April,330,6.400000035762789,High Activity,,,,,,,,83.2,57.0,136.0,6141.0,,,,2119.0,9634.0,363.0,0.252083375,29.193939393939395,219.742578368279,22.916666666666664,False,True
4558609924,2016-04-18,8940,2116,5.90999984741211,5.90999984741211,0.0,14,15,331,1080,0.980000019073486,0.930000007152557,4.0,0.0,Monday,4,April,360,5.910000026226043,High Activity,,,,,,,,80.46,55.0,141.0,6219.0,,,,2119.0,8940.0,403.0,0.27986104166666664,24.833333333333332,236.6890380313199,25.0,False,False
4558609924,2016-04-19,5401,1876,3.5699999332428,3.5699999332428,0.0,1,9,248,1182,0.0500000007450581,0.360000014305115,3.16000008583069,0.0,Tuesday,4,April,258,3.570000100880863,High Activity,,,,,,,,83.1,61.0,132.0,4438.0,,,,1878.0,5401.0,269.0,0.18680558333333333,20.934108527131784,347.3430846139604,17.916666666666668,False,False
4558609924,2016-04-20,4803,1788,3.17000007629395,3.17000007629395,0.0,0,0,222,1218,0.0,0.0,3.17000007629395,0.0,Wednesday,4,April,222,3.17000007629395,High Activity,,,,,,,,76.92,57.0,110.0,5135.0,,,,1788.0,4803.0,222.0,0.154166625,21.635135135135137,372.26733291692693,15.416666666666668,False,False
4558609924,2016-04-21,13743,2486,9.07999992370605,9.07999992370605,0.0,6,21,432,844,0.419999986886978,0.970000028610229,7.69999980926514,0.0,Thursday,4,April,459,9.089999824762348,High Activity,1.0,126.0,137.0,2.1,2.28,91.97,Very Short Sleep,85.66,54.0,121.0,7867.0,,,,2488.0,13743.0,492.0,0.34166674999999996,29.941176470588236,180.89209051880957,31.874999999999996,False,False
4558609924,2016-04-22,9601,2094,6.34999990463257,6.34999990463257,0.0,20,25,273,1122,1.37000000476837,1.5,3.47000002861023,0.0,Friday,4,April,318,6.340000033378599,High Activity,,,,,,,,82.56,57.0,140.0,6277.0,,,,2096.0,9601.0,383.0,0.26597224999999997,30.19182389937107,218.1022810123945,22.083333333333332,False,False
4558609924,2016-04-23,6890,2085,4.55000019073486,4.55000019073486,0.0,5,5,308,1122,0.340000003576279,0.200000002980232,4.01000022888184,0.0,Saturday,4,April,318,4.550000235438351,High Activity,,,,,,,,85.85,60.0,133.0,6342.0,,,,2082.0,6890.0,333.0,0.23124999999999998,21.666666666666668,302.61248185776486,22.083333333333332,False,True
4558609924,2016-04-24,8563,2173,5.65999984741211,5.65999984741211,0.0,0,0,395,1045,0.0,0.0,5.65000009536743,0.0,Sunday,4,April,395,5.65000009536743,High Activity,,,,,,,,83.97,58.0,121.0,6533.0,,,,2167.0,8553.0,395.0,0.27430554166666665,21.678481012658228,253.76620343337615,27.430555555555557,False,True
4558609924,2016-04-25,8095,2225,5.34999990463257,5.34999990463257,0.0,18,10,340,993,0.589999973773956,0.25,4.51000022888184,0.0,Monday,4,April,368,5.350000202655797,High Activity,,,,,,,,82.49,55.0,163.0,6750.0,,,,2227.0,8095.0,414.0,0.2875,21.997282608695652,274.86102532427424,25.555555555555554,False,False
4558609924,2016-04-26,9148,2223,6.05000019073486,6.05000019073486,0.0,12,41,283,1062,0.430000007152557,2.02999997138977,3.58999991416931,0.0,Tuesday,4,April,336,6.049999892711638,High Activity,1.0,103.0,121.0,1.72,2.02,85.12,Very Short Sleep,91.34,59.0,148.0,7409.0,,,,2220.0,9148.0,401.0,0.27847220833333336,27.226190476190474,243.0039352864014,23.333333333333332,False,False
4558609924,2016-04-27,9557,2098,6.32000017166138,6.32000017166138,0.0,27,14,312,1087,1.96000003814697,0.889999985694885,3.46000003814697,0.0,Wednesday,4,April,353,6.310000061988825,High Activity,,,,,,,,84.56,60.0,122.0,6494.0,,,,2098.0,9557.0,421.0,0.292361125,27.073654390934845,219.52495552997803,24.51388888888889,False,False
4558609924,2016-04-28,9451,2185,6.25,6.25,0.0,1,11,367,985,0.0199999995529652,0.270000010728836,5.94999980926514,0.0,Thursday,4,April,379,6.2399998195469415,High Activity,,,,,,,,85.64,59.0,133.0,7678.0,,,,2187.0,9451.0,392.0,0.27222233333333334,24.936675461741427,231.19246640567135,26.319444444444446,False,False
4558609924,2016-04-29,7833,1918,5.17999982833862,5.17999982833862,0.0,15,29,197,1096,1.01999998092651,1.85000002384186,2.30999994277954,0.0,Friday,4,April,241,5.17999994754791,High Activity,1.0,171.0,179.0,2.85,2.98,95.53,Very Short Sleep,80.56,53.0,139.0,6943.0,,,,1921.0,7833.0,300.0,0.20833329166666667,32.50207468879668,244.8614834673816,16.73611111111111,False,False
4558609924,2016-04-30,10319,2105,6.82000017166138,6.82000017166138,0.0,7,29,293,1111,0.469999998807907,1.88999998569489,4.46000003814697,0.0,Saturday,4,April,329,6.820000022649767,High Activity,,,,,,,,79.19,53.0,134.0,8817.0,,,,2106.0,10310.0,372.0,0.25833337500000003,31.364741641337385,203.9926349452466,22.84722222222222,False,True
4558609924,2016-05-01,3428,1692,2.26999998092651,2.26999998092651,0.0,0,0,190,1121,0.0,0.0,2.26999998092651,0.0,Sunday,5,May,190,2.26999998092651,High Activity,1.0,115.0,129.0,1.92,2.15,89.15,Very Short Sleep,70.84,53.0,127.0,5231.0,,,,1692.0,3428.0,190.0,0.13194441666666668,18.042105263157893,493.58226371061846,13.194444444444445,False,True
4558609924,2016-05-02,7891,2066,5.21999979019165,5.21999979019165,0.0,0,0,383,1057,0.0,0.0,5.21999979019165,0.0,Monday,5,May,383,5.21999979019165,High Activity,,,,,,,,78.67,55.0,108.0,6589.0,,,,2070.0,7891.0,383.0,0.26597224999999997,20.60313315926893,261.8172601698137,26.59722222222222,False,False
4558609924,2016-05-03,5267,1953,3.48000001907349,3.48000001907349,0.0,21,10,237,1172,0.600000023841858,0.280000001192093,2.59999990463257,0.0,Tuesday,5,May,268,3.479999929666521,High Activity,,,,,,,,82.52,52.0,148.0,7355.0,,,,1957.0,5267.0,320.0,0.22222233333333333,19.652985074626866,370.79931649895576,18.61111111111111,False,False
4558609924,2016-05-04,5232,1842,3.46000003814697,3.46000003814697,0.0,0,0,252,1188,0.0,0.0,3.46000003814697,0.0,Wednesday,5,May,252,3.46000003814697,High Activity,,,,,,,,76.83,54.0,127.0,5604.0,,,,1846.0,5232.0,252.0,0.17499995833333334,20.761904761904763,352.0642201834862,17.5,False,False
4558609924,2016-05-05,10611,2262,7.01000022888184,7.01000022888184,0.0,14,8,370,1048,1.00999999046326,0.5,5.51000022888184,0.0,Thursday,5,May,392,7.0200002193451,High Activity,,,,,,,,81.94,48.0,130.0,6702.0,,,,2265.0,10611.0,428.0,0.29722224999999997,27.068877551020407,213.17500706813684,27.22222222222222,False,False
4558609924,2016-05-06,3755,1722,2.48000001907349,2.48000001907349,0.0,0,0,202,1238,0.0,0.0,2.48000001907349,0.0,Friday,5,May,202,2.48000001907349,High Activity,,,,,,,,71.95,51.0,110.0,5429.0,,,,1727.0,3755.0,202.0,0.14027783333333332,18.58910891089109,458.5885486018642,14.027777777777779,False,False
4558609924,2016-05-07,8237,1973,5.44000005722046,5.44000005722046,0.0,23,16,233,1116,1.61000001430511,1.0,2.82999992370605,0.0,Saturday,5,May,272,5.4399999380111606,High Activity,,,,,,,,76.25,54.0,116.0,5431.0,,,,1978.0,8237.0,334.0,0.23194445833333333,30.283088235294116,239.528954716523,18.88888888888889,False,True
4558609924,2016-05-08,6543,2666,4.32999992370605,4.32999992370605,0.0,66,35,238,1019,1.79999995231628,0.5,2.01999998092651,0.0,Sunday,5,May,339,4.31999993324279,High Activity,1.0,123.0,134.0,2.05,2.23,91.79,Very Short Sleep,104.87,45.0,199.0,4606.0,,,,2672.0,6543.0,506.0,0.35138891666666666,19.300884955752213,407.45835243771967,23.541666666666668,False,True
4558609924,2016-05-09,11451,2223,7.57000017166138,7.57000017166138,0.0,6,30,339,1065,0.430000007152557,1.62000000476837,5.51999998092651,0.0,Monday,5,May,375,7.569999992847437,High Activity,,,,,,,,79.38,54.0,110.0,6643.0,,,,2228.0,11451.0,417.0,0.28958333333333336,30.536,194.13151689808748,26.041666666666668,False,False
4558609924,2016-05-10,6435,1889,4.25,4.25,0.0,11,18,220,1191,0.740000009536743,1.12000000476837,2.39000010490417,0.0,Tuesday,5,May,249,4.2500001192092824,High Activity,,,,,,,,75.79,50.0,147.0,6322.0,,,,1894.0,6435.0,289.0,0.20069445833333333,25.843373493975903,293.5508935508936,17.291666666666668,False,False
4558609924,2016-05-11,9108,2131,6.01999998092651,6.01999998092651,0.0,4,31,324,1081,0.259999990463257,1.82000005245209,3.94000005722046,0.0,Wednesday,5,May,359,6.020000100135807,High Activity,,,,,,,,74.92,44.0,138.0,6441.0,,,,2132.0,9108.0,398.0,0.27638887500000003,25.370473537604457,233.97013614404918,24.930555555555557,False,False
4558609924,2016-05-12,6307,1452,4.17000007629395,4.17000007629395,0.0,0,0,247,736,0.0,0.0,4.17000007629395,0.0,Thursday,5,May,247,4.17000007629395,High Activity,,,,,,,,79.68,54.0,117.0,3842.0,,,,1407.0,6020.0,232.0,0.241666625,25.534412955465587,230.22039004280956,17.15277777777778,False,False
4702921684,2016-04-12,7213,2947,5.88000011444092,5.88000011444092,0.0,0,0,263,718,0.0,0.0,5.84999990463257,0.0,Tuesday,4,April,263,5.84999990463257,High Activity,1.0,425.0,439.0,7.08,7.32,96.81,Recommended Range,,,,,,,,2949.0,7213.0,263.0,0.182638875,27.425855513307983,408.56786357964785,18.26388888888889,True,False
4702921684,2016-04-13,6877,2898,5.57999992370605,5.57999992370605,0.0,0,0,258,777,0.0,0.0,5.57999992370605,0.0,Wednesday,4,April,258,5.57999992370605,High Activity,2.0,400.0,430.0,6.67,7.17,93.02,Short Sleep,,,,,,,,2894.0,6877.0,258.0,0.17916666666666667,26.655038759689923,421.4046822742475,17.916666666666668,False,False
4702921684,2016-04-14,7860,2984,6.36999988555908,6.36999988555908,0.0,0,0,271,772,0.0,0.0,6.36999988555908,0.0,Thursday,4,April,271,6.36999988555908,High Activity,1.0,384.0,415.0,6.4,6.92,92.53,Short Sleep,,,,,,,,2986.0,7860.0,271.0,0.18819450000000001,29.00369003690037,379.6437659033079,18.819444444444443,False,False
4702921684,2016-04-15,6506,2896,5.28000020980835,5.28000020980835,0.0,1,8,256,944,0.0700000002980232,0.419999986886978,4.78999996185303,0.0,Friday,4,April,265,5.279999949038031,High Activity,1.0,253.0,257.0,4.22,4.28,98.44,Very Short Sleep,,,,,,,,2896.0,6506.0,275.0,0.1909722083333333,24.550943396226415,445.12757454657236,18.40277777777778,False,False
4702921684,2016-04-16,11140,3328,9.02999973297119,9.02999973297119,0.0,3,24,335,556,0.239999994635582,1.25,7.53999996185303,0.0,Saturday,4,April,362,9.029999956488613,High Activity,2.0,382.0,406.0,6.37,6.77,94.09,Short Sleep,,,,,,,,3321.0,11134.0,392.0,0.2722222083333334,30.773480662983424,298.7432675044883,25.13888888888889,False,True
4702921684,2016-04-17,12692,3394,10.289999961853,10.289999961853,0.0,12,66,302,437,0.959999978542328,3.46000003814697,5.88000011444092,0.0,Sunday,4,April,380,10.30000013113022,High Activity,1.0,591.0,612.0,9.85,10.2,96.57,Long Sleep,,,,,,,,3393.0,12692.0,470.0,0.32638887499999997,33.4,267.4125433343839,26.38888888888889,True,True
4702921684,2016-04-18,9105,3013,7.38000011444092,7.38000011444092,0.0,22,30,191,890,1.82000005245209,1.49000000953674,4.07000017166138,0.0,Monday,4,April,243,7.380000233650209,High Activity,1.0,293.0,312.0,4.88,5.2,93.91,Very Short Sleep,,,,,,,,3012.0,9105.0,317.0,0.2201387916666667,37.46913580246913,330.91707852828114,16.875,False,False
4702921684,2016-04-19,6708,2812,5.44000005722046,5.44000005722046,0.0,10,8,179,757,0.879999995231628,0.370000004768372,4.19000005722046,0.0,Tuesday,4,April,197,5.44000005722046,High Activity,1.0,457.0,487.0,7.62,8.12,93.84,Recommended Range,,,,,,,,2813.0,6708.0,225.0,0.15625,34.0507614213198,419.200954084675,13.680555555555557,True,False
4702921684,2016-04-20,8793,3061,7.13000011444092,7.13000011444092,0.0,2,29,260,717,0.159999996423721,1.23000001907349,5.73000001907349,0.0,Wednesday,4,April,291,7.120000034570701,High Activity,1.0,454.0,468.0,7.57,7.8,97.01,Recommended Range,,,,,,,,3063.0,8793.0,324.0,0.22499995833333333,30.216494845360824,348.1178209939725,20.208333333333332,True,False
4702921684,2016-04-21,6530,2729,5.30000019073486,5.30000019073486,0.0,4,41,144,901,0.310000002384186,2.04999995231628,2.94000005722046,0.0,Thursday,4,April,189,5.300000011920926,High Activity,1.0,425.0,434.0,7.08,7.23,97.93,Recommended Range,,,,,,,,2728.0,6530.0,238.0,0.16527779166666667,34.55026455026455,417.91730474732003,13.125,True,False
4702921684,2016-04-22,1664,2241,1.35000002384186,1.35000002384186,0.0,0,0,72,1341,0.0,0.0,1.35000002384186,0.0,Friday,4,April,72,1.35000002384186,High Activity,,,,,,,,,,,,,,,2241.0,1664.0,72.0,0.05000000000000001,23.11111111111111,1346.7548076923078,5.0,False,False
4702921684,2016-04-23,15126,3691,12.2700004577637,12.2700004577637,0.0,9,66,408,469,0.759999990463257,3.24000000953674,8.27000045776367,0.0,Saturday,4,April,483,12.270000457763668,High Activity,1.0,465.0,475.0,7.75,7.92,97.89,Recommended Range,,,,,,,,3691.0,15126.0,567.0,0.39375008333333333,31.316770186335404,244.01692450085946,33.541666666666664,True,True
4702921684,2016-04-24,15050,3538,12.2200002670288,12.2200002670288,0.0,15,95,281,542,1.20000004768372,5.11999988555908,5.88000011444092,0.0,Sunday,4,April,391,12.20000004768372,High Activity,1.0,480.0,506.0,8.0,8.43,94.86,Recommended Range,,,,,,,,3539.0,15050.0,516.0,0.358333375,38.491048593350385,235.0830564784053,27.152777777777775,True,True
4702921684,2016-04-25,9167,3064,7.42999982833862,7.42999982833862,0.0,6,15,270,730,0.490000009536743,0.819999992847443,6.1100001335144,0.0,Monday,4,April,291,7.420000135898586,High Activity,1.0,370.0,380.0,6.17,6.33,97.37,Short Sleep,,,,,,,,3060.0,9140.0,318.0,0.220833375,31.50171821305842,334.2423911857751,20.208333333333332,False,False
4702921684,2016-04-26,6108,2784,4.94999980926514,4.94999980926514,0.0,1,8,216,765,0.0700000002980232,0.349999994039536,4.53999996185303,0.0,Tuesday,4,April,225,4.95999995619059,High Activity,1.0,421.0,429.0,7.02,7.15,98.14,Recommended Range,,,,,,,,2784.0,6108.0,235.0,0.16319445833333332,27.14666666666667,455.7956777996071,15.625,True,False
4702921684,2016-04-27,7047,2908,5.71999979019165,5.71999979019165,0.0,1,16,238,733,0.0900000035762787,0.800000011920929,4.78000020980835,0.0,Wednesday,4,April,255,5.670000225305557,High Activity,1.0,432.0,449.0,7.2,7.48,96.21,Recommended Range,,,,,,,,2903.0,6976.0,273.0,0.189583375,27.63529411764706,412.65786859656595,17.708333333333336,True,False
4702921684,2016-04-28,9023,3033,7.32000017166138,7.32000017166138,0.0,14,9,232,738,1.12999999523163,0.419999986886978,5.76999998092651,0.0,Thursday,4,April,255,7.3199999630451185,High Activity,1.0,442.0,461.0,7.37,7.68,95.88,Recommended Range,,,,,,,,3033.0,9023.0,292.0,0.20277779166666665,35.384313725490195,336.1409730688241,17.708333333333336,True,False
4702921684,2016-04-29,9930,3165,8.05000019073486,8.05000019073486,0.0,12,19,267,692,1.05999994277954,0.920000016689301,6.07000017166138,0.0,Friday,4,April,298,8.05000013113022,High Activity,1.0,433.0,447.0,7.22,7.45,96.87,Recommended Range,,,,,,,,3164.0,9930.0,341.0,0.23680554166666667,33.32214765100671,318.73111782477343,20.694444444444443,True,False
4702921684,2016-04-30,10144,3115,8.22999954223633,8.22999954223633,0.0,4,36,263,728,0.319999992847443,2.02999997138977,5.88000011444092,0.0,Saturday,4,April,303,8.230000078678133,High Activity,1.0,479.0,501.0,7.98,8.35,95.61,Recommended Range,,,,,,,,3115.0,10144.0,347.0,0.24097225,33.478547854785475,307.07807570977917,21.041666666666668,True,True
4702921684,2016-05-01,0,2017,0.0,0.0,0.0,0,0,0,1440,0.0,0.0,0.0,0.0,Sunday,5,May,0,0.0,Sedentary,,,,,,,,,,,,,,,2016.0,0.0,0.0,0.0,,,0.0,False,True
4702921684,2016-05-02,7245,2859,5.92000007629395,5.92000007629395,0.0,5,40,195,1131,0.379999995231628,1.74000000953674,3.75999999046326,0.0,Monday,5,May,240,5.879999995231628,High Activity,,,,,,,,,,,,,,,2859.0,7245.0,290.0,0.20138895833333334,30.1875,394.6169772256729,16.666666666666664,False,False
4702921684,2016-05-03,9454,3145,7.67000007629395,7.67000007629395,0.0,0,0,313,729,0.0,0.0,7.67000007629395,0.0,Tuesday,5,May,313,7.67000007629395,High Activity,1.0,327.0,373.0,5.45,6.22,87.67,Short Sleep,,,,,,,,3145.0,9454.0,313.0,0.21736108333333334,30.20447284345048,332.66342288978205,21.73611111111111,False,False
4702921684,2016-05-04,8161,3004,6.61999988555908,6.61999988555908,0.0,4,15,251,757,0.340000003576279,0.730000019073486,5.53999996185303,0.0,Wednesday,5,May,270,6.609999984502795,High Activity,1.0,412.0,434.0,6.87,7.23,94.93,Short Sleep,,,,,,,,3003.0,8161.0,293.0,0.20347220833333335,30.225925925925925,368.0921455703958,18.75,False,False
4702921684,2016-05-05,8614,3006,6.98999977111816,6.98999977111816,0.0,8,5,241,745,0.670000016689301,0.219999998807907,6.09000015258789,0.0,Thursday,5,May,254,6.980000168085097,High Activity,1.0,414.0,428.0,6.9,7.13,96.73,Short Sleep,,,,,,,,3005.0,8614.0,275.0,0.19097229166666665,33.91338582677165,348.96679823543064,17.63888888888889,False,False
4702921684,2016-05-06,6943,2859,5.63000011444092,5.63000011444092,0.0,1,16,207,682,0.0799999982118607,0.660000026226044,4.86999988555908,0.0,Friday,5,May,224,5.609999909996985,High Activity,1.0,404.0,449.0,6.73,7.48,89.98,Short Sleep,,,,,,,,2857.0,6910.0,242.0,0.16805554166666667,30.995535714285715,411.7816505833214,15.555555555555555,False,False
4702921684,2016-05-07,14370,3683,11.6499996185303,11.6499996185303,0.0,5,46,439,577,0.370000004768372,2.30999994277954,8.97000026702881,0.0,Saturday,5,May,490,11.650000214576725,High Activity,1.0,520.0,543.0,8.67,9.05,95.76,Recommended Range,,,,,,,,3683.0,14370.0,546.0,0.37916662500000003,29.3265306122449,256.2978427279054,34.02777777777778,True,True
4702921684,2016-05-08,12857,3287,10.4300003051758,10.4300003051758,0.0,9,125,192,1019,0.680000007152557,6.21000003814697,3.53999996185303,0.0,Sunday,5,May,326,10.430000007152556,High Activity,,,,,,,,,,,,,,,3288.0,12857.0,469.0,0.3256945,39.438650306748464,255.6583962044023,22.63888888888889,False,True
4702921684,2016-05-09,8232,2990,6.67999982833862,6.67999982833862,0.0,0,12,253,746,0.0,0.569999992847443,6.09999990463257,0.0,Monday,5,May,265,6.669999897480013,High Activity,1.0,435.0,458.0,7.25,7.63,94.98,Recommended Range,,,,,,,,2991.0,8232.0,277.0,0.19236104166666668,31.064150943396225,363.21671525753163,18.40277777777778,True,False
4702921684,2016-05-10,10613,3172,8.60999965667725,8.60999965667725,0.0,1,37,262,701,0.0799999982118607,1.87999999523163,6.65000009536743,0.0,Tuesday,5,May,300,8.61000008881092,High Activity,1.0,416.0,431.0,6.93,7.18,96.52,Short Sleep,,,,,,,,3171.0,10613.0,339.0,0.23541662500000002,35.376666666666665,298.87873362856874,20.833333333333336,False,False
4702921684,2016-05-11,9810,3069,7.96000003814697,7.96000003814697,0.0,10,41,235,784,0.779999971389771,2.16000008583069,4.98000001907349,0.0,Wednesday,5,May,286,7.920000076293951,High Activity,1.0,354.0,366.0,5.9,6.1,96.72,Short Sleep,,,,,,,,3068.0,9772.0,347.0,0.24097220833333333,34.3006993006993,312.8440366972477,19.86111111111111,False,False
4702921684,2016-05-12,2752,1240,2.23000001907349,2.23000001907349,0.0,0,0,68,241,0.0,0.0,2.23000001907349,0.0,Thursday,5,May,68,2.23000001907349,High Activity,1.0,404.0,442.0,6.73,7.37,91.4,Short Sleep,,,,,,,,1220.0,2752.0,68.0,0.10303036363636364,40.470588235294116,450.58139534883725,4.722222222222222,False,False
5553957443,2016-04-12,11596,2026,7.57000017166138,7.57000017166138,0.0,19,13,277,767,1.37000000476837,0.790000021457672,5.40999984741211,0.0,Tuesday,4,April,309,7.569999873638152,High Activity,1.0,441.0,464.0,7.35,7.73,95.04,Recommended Range,64.37,50.0,106.0,8370.0,,,,2026.0,11596.0,360.0,0.24999991666666666,37.52750809061489,174.71541911003794,21.458333333333332,True,False
5553957443,2016-04-13,4832,1718,3.16000008583069,3.16000008583069,0.0,0,0,226,647,0.0,0.0,3.16000008583069,0.0,Wednesday,4,April,226,3.16000008583069,High Activity,2.0,455.0,488.0,7.58,8.13,93.24,Recommended Range,61.48,47.0,95.0,8051.0,,,,1718.0,4832.0,226.0,0.15694445833333334,21.38053097345133,355.54635761589407,15.694444444444445,True,False
5553957443,2016-04-14,17022,2324,11.1199998855591,11.1199998855591,0.0,61,41,256,693,4.0,2.45000004768372,4.67000007629395,0.0,Thursday,4,April,358,11.120000123977668,High Activity,1.0,357.0,418.0,5.95,6.97,85.41,Short Sleep,72.56,51.0,133.0,9922.0,,,,2326.0,17022.0,521.0,0.36180562499999996,47.547486033519554,136.52919750910587,24.86111111111111,False,False
5553957443,2016-04-15,16556,2254,10.8599996566772,10.8599996566772,0.0,58,38,239,689,4.15999984741211,1.98000001907349,4.71000003814697,0.0,Friday,4,April,335,10.84999990463257,High Activity,1.0,377.0,409.0,6.28,6.82,92.18,Short Sleep,69.02,50.0,123.0,9135.0,,,,2255.0,16556.0,489.0,0.33958333333333335,49.42089552238806,136.14399613433196,23.26388888888889,False,False
5553957443,2016-04-16,5771,1831,3.76999998092651,3.76999998092651,0.0,0,0,288,521,0.0,0.0,3.76999998092651,0.0,Saturday,4,April,288,3.76999998092651,High Activity,2.0,651.0,686.0,10.85,11.43,94.9,Long Sleep,66.02,50.0,116.0,8238.0,,,,1830.0,5771.0,288.0,0.200000125,20.038194444444443,317.2760353491596,20.0,True,True
5553957443,2016-04-17,655,1397,0.430000007152557,0.430000007152557,0.0,0,0,46,943,0.0,0.0,0.430000007152557,0.0,Sunday,4,April,46,0.430000007152557,Moderate Activity,1.0,350.0,402.0,5.83,6.7,87.06,Short Sleep,59.38,49.0,84.0,1437.0,,,,1398.0,655.0,46.0,0.03194441666666666,14.23913043478261,2132.824427480916,3.194444444444444,False,True
5553957443,2016-04-18,3727,1683,2.4300000667572,2.4300000667572,0.0,0,0,206,622,0.0,0.0,2.4300000667572,0.0,Monday,4,April,206,2.4300000667572,High Activity,2.0,520.0,541.0,8.67,9.02,96.12,Recommended Range,65.38,53.0,91.0,7963.0,,,,1683.0,3727.0,206.0,0.14305566666666666,18.09223300970874,451.5696270458814,14.305555555555555,True,False
5553957443,2016-04-19,15482,2284,10.1099996566772,10.1099996566772,0.0,69,28,249,756,4.28000020980835,1.6599999666214,4.17999982833862,0.0,Tuesday,4,April,346,10.12000000476837,High Activity,1.0,357.0,410.0,5.95,6.83,87.07,Short Sleep,74.89,49.0,128.0,10572.0,,,,2285.0,15482.0,512.0,0.3555555416666667,44.74566473988439,147.52615941092884,24.02777777777778,False,False
5553957443,2016-04-20,2713,1570,1.76999998092651,1.76999998092651,0.0,0,0,148,598,0.0,0.0,1.76999998092651,0.0,Wednesday,4,April,148,1.76999998092651,High Activity,1.0,658.0,678.0,10.97,11.3,97.05,Long Sleep,60.04,48.0,84.0,8239.0,,,,1571.0,2713.0,148.0,0.10277783333333333,18.33108108108108,578.6951713969775,10.277777777777777,True,False
5553957443,2016-04-21,12346,2066,8.0600004196167,8.0600004196167,0.0,47,42,177,801,2.95000004768372,2.16000008583069,2.96000003814697,0.0,Thursday,4,April,266,8.07000017166138,High Activity,1.0,399.0,431.0,6.65,7.18,92.58,Short Sleep,71.33,49.0,127.0,8951.0,,,,2067.0,12346.0,402.0,0.2791666666666667,46.41353383458647,167.34164911712296,18.47222222222222,False,False
5553957443,2016-04-22,11682,2105,7.63000011444092,7.63000011444092,0.0,25,16,270,781,1.37999999523163,0.629999995231628,5.59999990463257,0.0,Friday,4,April,311,7.609999895095828,High Activity,1.0,322.0,353.0,5.37,5.88,91.22,Short Sleep,70.43,51.0,128.0,9088.0,,,,2105.0,11670.0,377.0,0.2618055833333333,37.562700964630224,180.19174798835814,21.59722222222222,False,False
5553957443,2016-04-23,4112,1776,2.69000005722046,2.69000005722046,0.0,0,0,272,443,0.0,0.0,2.6800000667572,0.0,Saturday,4,April,272,2.6800000667572,High Activity,2.0,631.0,725.0,10.52,12.08,87.03,Long Sleep,67.07,52.0,94.0,8275.0,,,,1778.0,4110.0,272.0,0.18888887499999998,15.117647058823529,431.9066147859922,18.88888888888889,True,True
5553957443,2016-04-24,1807,1507,1.17999994754791,1.17999994754791,0.0,0,0,104,582,0.0,0.0,1.17999994754791,0.0,Sunday,4,April,104,1.17999994754791,High Activity,2.0,553.0,640.0,9.22,10.67,86.41,Long Sleep,63.97,50.0,92.0,7857.0,,,,1508.0,1807.0,104.0,0.07222216666666667,17.375,833.9789706696182,7.222222222222221,True,True
5553957443,2016-04-25,10946,2033,7.19000005722046,7.19000005722046,0.0,51,11,201,732,2.9300000667572,0.569999992847443,3.69000005722046,0.0,Monday,4,April,263,7.190000116825103,High Activity,1.0,433.0,468.0,7.22,7.8,92.52,Recommended Range,72.05,52.0,132.0,9165.0,,,,2034.0,10946.0,376.0,0.26111104166666665,41.61977186311787,185.72994701260734,18.26388888888889,True,False
5553957443,2016-04-26,11886,2093,7.76000022888184,7.76000022888184,0.0,40,18,238,750,2.36999988555908,0.930000007152557,4.46000003814697,0.0,Tuesday,4,April,296,7.759999930858607,High Activity,1.0,412.0,453.0,6.87,7.55,90.95,Short Sleep,73.01,53.0,128.0,8923.0,,,,2098.0,11886.0,394.0,0.273611125,40.1554054054054,176.08951707891637,20.555555555555554,False,False
5553957443,2016-04-27,10538,1922,6.88000011444092,6.88000011444092,0.0,16,16,206,745,1.13999998569489,1.0,4.73999977111816,0.0,Wednesday,4,April,238,6.879999756813049,High Activity,1.0,347.0,391.0,5.78,6.52,88.75,Short Sleep,65.07,49.0,104.0,8705.0,,,,1922.0,10538.0,286.0,0.19861116666666667,44.27731092436975,182.38754981970013,16.52777777777778,False,False
5553957443,2016-04-28,11393,1999,7.63000011444092,7.63000011444092,0.0,49,13,165,727,3.71000003814697,0.75,3.17000007629395,0.0,Thursday,4,April,227,7.63000011444092,High Activity,1.0,421.0,457.0,7.02,7.62,92.12,Recommended Range,71.07,51.0,149.0,9114.0,,,,1999.0,11393.0,338.0,0.23472225,50.18942731277533,175.4586149389976,15.76388888888889,True,False
5553957443,2016-04-29,12764,2169,8.32999992370605,8.32999992370605,0.0,46,15,270,709,2.78999996185303,0.639999985694885,4.90999984741211,0.0,Friday,4,April,331,8.339999794960026,High Activity,1.0,450.0,495.0,7.5,8.25,90.91,Recommended Range,73.07,50.0,156.0,11959.0,,,,2170.0,12764.0,438.0,0.3041665416666667,38.561933534743204,169.93105609526796,22.98611111111111,True,False
5553957443,2016-04-30,1202,1463,0.779999971389771,0.779999971389771,0.0,0,0,84,506,0.0,0.0,0.779999971389771,0.0,Saturday,4,April,84,0.779999971389771,High Activity,2.0,775.0,843.0,12.92,14.05,91.93,Long Sleep,65.78,49.0,89.0,8018.0,,,,1463.0,1202.0,84.0,0.05833333333333334,14.30952380952381,1217.1381031613978,5.833333333333333,True,True
5553957443,2016-05-01,5164,1747,3.36999988555908,3.36999988555908,0.0,0,0,237,436,0.0,0.0,3.36999988555908,0.0,Sunday,5,May,237,3.36999988555908,High Activity,2.0,622.0,686.0,10.37,11.43,90.67,Long Sleep,66.54,49.0,116.0,7664.0,,,,1746.0,5164.0,237.0,0.16458329166666666,21.78902953586498,338.30364058869094,16.458333333333332,True,True
5553957443,2016-05-02,9769,1996,6.38000011444092,6.38000011444092,0.0,23,9,227,724,1.05999994277954,0.409999996423721,4.90000009536743,0.0,Monday,5,May,259,6.37000003457069,High Activity,1.0,409.0,471.0,6.82,7.85,86.84,Short Sleep,72.59,50.0,125.0,9751.0,,,,1995.0,9769.0,314.0,0.21805554166666666,37.71814671814672,204.3197870815846,17.98611111111111,False,False
5553957443,2016-05-03,12848,2116,8.39000034332275,8.39000034332275,0.0,26,29,247,812,1.5,1.20000004768372,5.67999982833862,0.0,Tuesday,5,May,302,8.37999987602234,High Activity,1.0,380.0,429.0,6.33,7.15,88.58,Short Sleep,69.95,50.0,134.0,9365.0,,,,2114.0,12821.0,383.0,0.26597224999999997,42.54304635761589,164.69489414694894,20.97222222222222,False,False
5553957443,2016-05-04,4249,1698,2.76999998092651,2.76999998092651,0.0,0,0,224,651,0.0,0.0,2.76999998092651,0.0,Wednesday,5,May,224,2.76999998092651,High Activity,1.0,447.0,470.0,7.45,7.83,95.11,Recommended Range,61.67,47.0,108.0,8459.0,,,,1698.0,4249.0,224.0,0.15555558333333333,18.96875,399.6234408096023,15.555555555555555,True,False
5553957443,2016-05-05,14331,2156,9.51000022888184,9.51000022888184,0.0,44,29,241,692,3.4300000667572,1.6599999666214,4.42999982833862,0.0,Thursday,5,May,314,9.51999986171722,High Activity,1.0,419.0,464.0,6.98,7.73,90.3,Short Sleep,69.4,49.0,165.0,9596.0,,,,2154.0,14331.0,431.0,0.299305625,45.640127388535035,150.44309538762124,21.805555555555557,False,False
5553957443,2016-05-06,9632,1916,6.28999996185303,6.28999996185303,0.0,21,9,229,761,1.51999998092651,0.540000021457672,4.23000001907349,0.0,Friday,5,May,259,6.290000021457672,High Activity,1.0,400.0,434.0,6.67,7.23,92.17,Short Sleep,63.17,51.0,104.0,7143.0,,,,1915.0,9632.0,310.0,0.2152778333333333,37.189189189189186,198.92026578073092,17.98611111111111,False,False
5553957443,2016-05-07,1868,1494,1.22000002861023,1.22000002861023,0.0,0,0,96,902,0.0,0.0,1.22000002861023,0.0,Saturday,5,May,96,1.22000002861023,High Activity,1.0,442.0,470.0,7.37,7.83,94.04,Recommended Range,63.03,51.0,140.0,2496.0,,,,1495.0,1868.0,96.0,0.06666670833333334,19.458333333333332,799.7858672376873,6.666666666666667,True,True
5553957443,2016-05-08,6083,1762,4.0,4.0,0.0,3,8,210,505,0.219999998807907,0.469999998807907,3.29999995231628,0.0,Sunday,5,May,221,3.989999949932094,High Activity,1.0,568.0,608.0,9.47,10.13,93.42,Long Sleep,65.57,51.0,110.0,8317.0,,,,1763.0,6083.0,235.0,0.16319445833333335,27.524886877828056,289.6597073812264,15.347222222222223,True,True
5553957443,2016-05-09,11611,2272,7.57999992370605,7.57999992370605,0.0,59,22,251,667,2.13000011444092,0.889999985694885,4.55999994277954,0.0,Monday,5,May,332,7.580000042915345,High Activity,1.0,453.0,494.0,7.55,8.23,91.7,Recommended Range,76.66,51.0,149.0,10059.0,,,,2271.0,11611.0,472.0,0.3277778333333333,34.97289156626506,195.67651365084834,23.055555555555557,True,False
5553957443,2016-05-10,16358,2335,10.710000038147,10.710000038147,0.0,61,40,265,707,3.86999988555908,1.61000001430511,5.19999980926514,0.0,Tuesday,5,May,366,10.67999970912933,High Activity,1.0,418.0,443.0,6.97,7.38,94.36,Short Sleep,76.83,53.0,133.0,10173.0,,,,2337.0,16315.0,528.0,0.36666675,44.69398907103825,142.74361168847048,25.416666666666664,False,False
5553957443,2016-05-11,4926,1693,3.22000002861023,3.22000002861023,0.0,0,0,195,628,0.0,0.0,3.22000002861023,0.0,Wednesday,5,May,195,3.22000002861023,High Activity,1.0,463.0,486.0,7.72,8.1,95.27,Recommended Range,65.4,54.0,103.0,7860.0,,,,1694.0,4926.0,195.0,0.13541666666666666,25.26153846153846,343.68656110434426,13.541666666666666,True,False
5553957443,2016-05-12,3121,741,2.03999996185303,2.03999996185303,0.0,8,6,48,222,0.579999983310699,0.400000005960464,1.05999994277954,0.0,Thursday,5,May,62,2.039999932050703,High Activity,1.0,438.0,475.0,7.3,7.92,92.21,Recommended Range,64.2,54.0,107.0,2309.0,,,,716.0,3121.0,84.0,0.14000010000000002,50.33870967741935,237.423902595322,4.305555555555555,True,False
5577150313,2016-04-12,8135,3405,6.07999992370605,6.07999992370605,0.0,86,16,140,728,3.59999990463257,0.379999995231628,2.09999990463257,0.0,Tuesday,4,April,242,6.079999804496769,High Activity,1.0,419.0,438.0,6.98,7.3,95.66,Short Sleep,65.66,41.0,154.0,8685.0,,,,3406.0,8135.0,430.0,0.29861108333333336,33.61570247933884,418.56177012907193,16.805555555555557,False,False
5577150313,2016-04-13,5077,2551,3.78999996185303,3.78999996185303,0.0,15,11,144,776,0.319999992847443,0.219999998807907,3.25,0.0,Wednesday,4,April,170,3.7899999916553497,High Activity,1.0,432.0,458.0,7.2,7.63,94.32,Recommended Range,59.7,44.0,121.0,3829.0,,,,2552.0,5077.0,211.0,0.14652775,29.86470588235294,502.4620839078196,11.805555555555555,True,False
5577150313,2016-04-14,8596,4022,6.42000007629395,6.42000007629395,0.0,118,30,176,662,3.32999992370605,0.310000002384186,2.77999997138977,0.0,Thursday,4,April,324,6.419999897480006,High Activity,1.0,477.0,497.0,7.95,8.28,95.98,Recommended Range,76.84,43.0,172.0,9806.0,,,,4097.0,8596.0,590.0,0.40972220833333334,26.530864197530864,467.89204281060955,22.5,True,False
5577150313,2016-04-15,12087,4005,9.07999992370605,9.07999992370605,0.0,115,54,199,695,3.92000007629395,1.60000002384186,3.55999994277954,0.0,Friday,4,April,368,9.080000042915351,High Activity,1.0,392.0,413.0,6.53,6.88,94.92,Short Sleep,73.68,39.0,157.0,17001.0,,,,4003.0,12087.0,652.0,0.452777875,32.84510869565217,331.34772896500374,25.555555555555554,False,False
5577150313,2016-04-16,14269,4274,10.6599998474121,10.6599998474121,0.0,184,56,158,472,6.6399998664856,1.27999997138977,2.73000001907349,0.0,Saturday,4,April,398,10.64999985694886,High Activity,1.0,406.0,445.0,6.77,7.42,91.24,Short Sleep,69.84,43.0,136.0,29330.0,,,,4272.0,14261.0,822.0,0.5708333333333334,35.85175879396985,299.53045062723385,27.63888888888889,False,True
5577150313,2016-04-17,12231,4552,9.14000034332275,9.14000034332275,0.0,200,37,159,525,5.98000001907349,0.829999983310699,2.3199999332428,0.0,Sunday,4,April,396,9.129999935626987,High Activity,1.0,549.0,583.0,9.15,9.72,94.17,Long Sleep,71.12,40.0,174.0,8950.0,,,,4551.0,12231.0,833.0,0.5784722083333333,30.886363636363637,372.1690785708446,27.500000000000004,True,True
5577150313,2016-04-18,9893,3625,7.3899998664856,7.3899998664856,0.0,114,32,130,623,4.8600001335144,0.720000028610229,1.82000005245209,0.0,Monday,4,April,276,7.4000002145767185,High Activity,1.0,527.0,553.0,8.78,9.22,95.3,Recommended Range,68.65,41.0,165.0,8629.0,,,,3625.0,9893.0,536.0,0.37222225000000003,35.844202898550726,366.4207015061154,19.166666666666668,True,False
5577150313,2016-04-19,12574,3501,9.42000007629395,9.42000007629395,0.0,108,23,111,733,7.01999998092651,0.639999985694885,1.75999999046326,0.0,Tuesday,4,April,242,9.419999957084656,High Activity,1.0,449.0,465.0,7.48,7.75,96.56,Recommended Range,70.46,42.0,159.0,8667.0,,,,3500.0,12574.0,481.0,0.33402770833333334,51.95867768595041,278.4316844281851,16.805555555555557,True,False
5577150313,2016-04-20,8330,3192,6.21999979019165,6.21999979019165,0.0,87,16,113,773,4.11999988555908,0.340000003576279,1.75999999046326,0.0,Wednesday,4,April,216,6.219999879598619,High Activity,1.0,447.0,480.0,7.45,8.0,93.12,Recommended Range,69.17,45.0,135.0,6535.0,,,,3191.0,8330.0,406.0,0.2819444583333333,38.56481481481482,383.1932773109244,15.0,True,False
5577150313,2016-04-21,10830,4018,8.09000015258789,8.09000015258789,0.0,110,74,175,670,3.65000009536743,1.6599999666214,2.77999997138977,0.0,Thursday,4,April,359,8.0900000333786,High Activity,1.0,414.0,437.0,6.9,7.28,94.74,Short Sleep,72.31,43.0,168.0,10106.0,,,,4019.0,10830.0,653.0,0.4534723333333333,30.167130919220057,371.00646352723913,24.930555555555557,False,False
5577150313,2016-04-22,9172,3329,6.84999990463257,6.84999990463257,0.0,62,30,200,823,2.42000007629395,0.790000021457672,3.29999995231628,0.0,Friday,4,April,292,6.5100000500679025,High Activity,1.0,338.0,366.0,5.63,6.1,92.35,Short Sleep,64.65,43.0,132.0,8361.0,,,,3283.0,8700.0,446.0,0.30972220833333336,31.410958904109588,362.95246402093323,20.27777777777778,False,False
5577150313,2016-04-23,7638,3152,5.71000003814697,5.71000003814697,0.0,24,24,223,627,1.21000003814697,0.360000014305115,4.1399998664856,0.0,Saturday,4,April,271,5.709999918937685,High Activity,1.0,384.0,402.0,6.4,6.7,95.52,Short Sleep,65.08,40.0,171.0,8519.0,,,,3153.0,7638.0,343.0,0.23819441666666666,28.18450184501845,412.67347473160515,18.819444444444443,False,True
5577150313,2016-04-24,15764,4392,11.7799997329712,11.7799997329712,0.0,210,65,141,425,7.65000009536743,2.15000009536743,1.98000001907349,0.0,Sunday,4,April,416,11.78000020980835,High Activity,1.0,543.0,615.0,9.05,10.25,88.29,Long Sleep,72.27,40.0,131.0,8338.0,,,,4392.0,15764.0,901.0,0.625694375,37.89423076923077,278.60948997716315,28.888888888888886,True,True
5577150313,2016-04-25,6393,3374,4.78000020980835,4.78000020980835,0.0,61,38,214,743,1.35000002384186,0.670000016689301,2.75999999046326,0.0,Monday,4,April,313,4.780000030994421,High Activity,1.0,421.0,461.0,7.02,7.68,91.32,Recommended Range,67.55,43.0,125.0,8877.0,,,,3374.0,6393.0,473.0,0.32847229166666664,20.424920127795527,527.7647426873143,21.73611111111111,True,False
5577150313,2016-04-26,5325,3088,3.98000001907349,3.98000001907349,0.0,38,32,181,759,0.850000023841858,0.649999976158142,2.47000002861023,0.0,Tuesday,4,April,251,3.97000002861023,High Activity,1.0,354.0,377.0,5.9,6.28,93.9,Short Sleep,65.36,40.0,122.0,8764.0,,,,3088.0,5325.0,359.0,0.24930549999999999,21.215139442231077,579.9061032863849,17.430555555555554,False,False
5577150313,2016-04-27,6805,3294,5.1399998664856,5.1399998664856,0.0,63,16,190,773,1.80999994277954,0.400000005960464,2.9300000667572,0.0,Wednesday,4,April,269,5.140000015497204,High Activity,1.0,424.0,452.0,7.07,7.53,93.81,Recommended Range,66.43,42.0,130.0,8756.0,,,,3292.0,6805.0,411.0,0.2854167083333334,25.297397769516728,484.0558412931668,18.680555555555557,True,False
5577150313,2016-04-28,9841,3580,7.42999982833862,7.42999982833862,0.0,99,51,141,692,3.25,1.16999995708466,3.00999999046326,0.0,Thursday,4,April,291,7.42999994754792,High Activity,1.0,361.0,372.0,6.02,6.2,97.04,Short Sleep,70.69,40.0,171.0,9062.0,,,,3581.0,9841.0,540.0,0.3749999583333334,33.81786941580756,363.78416827558175,20.208333333333332,False,False
5577150313,2016-04-29,7924,3544,5.92000007629395,5.92000007629395,0.0,97,36,165,739,2.83999991416931,0.610000014305115,2.47000002861023,0.0,Friday,4,April,298,5.919999957084656,High Activity,1.0,459.0,485.0,7.65,8.08,94.64,Recommended Range,66.27,42.0,141.0,8712.0,,,,3543.0,7924.0,528.0,0.36666662499999997,26.590604026845636,447.2488642099949,20.694444444444443,True,False
5577150313,2016-04-30,12363,4501,9.23999977111816,9.23999977111816,0.0,207,45,163,621,5.82999992370605,0.790000021457672,2.60999989509583,0.0,Saturday,4,April,415,9.229999840259552,High Activity,1.0,412.0,433.0,6.87,7.22,95.15,Short Sleep,71.56,41.0,138.0,9037.0,,,,4502.0,12363.0,874.0,0.6069444583333333,29.790361445783134,364.07020949607704,28.819444444444443,False,True
5577150313,2016-05-01,13368,4546,9.98999977111816,9.98999977111816,0.0,194,72,178,499,5.30999994277954,1.44000005722046,3.24000000953674,0.0,Sunday,5,May,444,9.99000000953674,High Activity,1.0,379.0,398.0,6.32,6.63,95.23,Short Sleep,73.7,44.0,140.0,8923.0,,,,4545.0,13368.0,904.0,0.6277777916666666,30.10810810810811,340.065828845003,30.833333333333336,False,True
5577150313,2016-05-02,7439,3014,5.55999994277954,5.55999994277954,0.0,37,20,235,732,1.12000000476837,0.349999994039536,4.07000017166138,0.0,Monday,5,May,292,5.540000170469286,High Activity,2.0,525.0,553.0,8.75,9.22,94.94,Recommended Range,64.61,43.0,128.0,4120.0,,,,3011.0,7414.0,386.0,0.26805566666666664,25.476027397260275,405.1619841376529,20.27777777777778,True,False
5577150313,2016-05-03,11045,3795,8.25,8.25,0.0,97,8,212,580,4.51999998092651,0.150000005960464,3.5699999332428,0.0,Tuesday,5,May,317,8.239999920129774,High Activity,1.0,508.0,543.0,8.47,9.05,93.55,Recommended Range,70.0,42.0,154.0,8690.0,,,,3796.0,11045.0,519.0,0.3604167916666667,34.8422712933754,343.5943866002716,22.01388888888889,True,False
5577150313,2016-05-04,5206,2755,3.89000010490417,3.89000010490417,0.0,25,9,141,631,1.55999994277954,0.25,2.07999992370605,0.0,Wednesday,5,May,175,3.8899998664855895,High Activity,1.0,603.0,634.0,10.05,10.57,95.11,Long Sleep,62.25,36.0,143.0,8195.0,,,,2757.0,5206.0,234.0,0.1625,29.748571428571427,529.1970802919708,12.152777777777777,True,False
5577150313,2016-05-05,7550,3004,5.6399998664856,5.6399998664856,0.0,45,21,143,1153,2.5,0.469999998807907,2.67000007629395,0.0,Thursday,5,May,209,5.640000075101858,High Activity,1.0,74.0,78.0,1.23,1.3,94.87,Very Short Sleep,72.21,50.0,141.0,4934.0,,,,3008.0,7550.0,320.0,0.2222222083333333,36.1244019138756,397.88079470198676,14.51388888888889,False,False
5577150313,2016-05-06,4950,2643,3.70000004768372,3.70000004768372,0.0,41,16,79,1304,1.92999994754791,0.319999992847443,1.45000004768372,0.0,Friday,5,May,136,3.699999988079073,High Activity,,,,,,,,70.48,48.0,134.0,3714.0,,,,2645.0,4950.0,234.0,0.1625,36.39705882352941,533.9393939393939,9.444444444444445,False,False
5577150313,2016-05-07,0,1819,0.0,0.0,0.0,0,0,0,1440,0.0,0.0,0.0,0.0,Saturday,5,May,0,0.0,Sedentary,,,,,,,,,,,,,,,1824.0,0.0,0.0,0.0,,,0.0,False,True
5577150313,2016-05-08,0,1819,0.0,0.0,0.0,0,0,0,1440,0.0,0.0,0.0,0.0,Sunday,5,May,0,0.0,Sedentary,,,,,,,,,,,,,,,1824.0,0.0,0.0,0.0,,,0.0,False,True
5577150313,2016-05-09,3421,2489,2.55999994277954,2.55999994277954,0.0,34,11,70,1099,1.42999994754791,0.140000000596046,0.990000009536743,0.0,Monday,5,May,115,2.559999957680699,High Activity,,,,,,,,68.04,51.0,130.0,4373.0,,,,2490.0,3421.0,194.0,0.13472220833333334,29.747826086956522,727.5650394621456,7.986111111111111,False,False
5577150313,2016-05-10,8869,3841,6.65000009536743,6.65000009536743,0.0,104,37,194,639,2.55999994277954,0.75,3.34999990463257,0.0,Tuesday,5,May,335,6.65999984741211,High Activity,1.0,504.0,562.0,8.4,9.37,89.68,Recommended Range,75.29,42.0,172.0,11173.0,,,,3842.0,8869.0,580.0,0.402777875,26.47462686567164,433.081519900778,23.26388888888889,True,False
5577150313,2016-05-11,4038,1665,3.03999996185303,3.03999996185303,0.0,45,15,63,257,1.83000004291534,0.300000011920929,0.889999985694885,0.0,Wednesday,5,May,123,3.020000040531154,High Activity,1.0,431.0,476.0,7.18,7.93,90.55,Recommended Range,67.04,45.0,173.0,4474.0,,,,1650.0,3929.0,226.0,0.3138889166666667,32.829268292682926,412.332838038633,8.541666666666666,True,False
6117666160,2016-04-12,0,1496,0.0,0.0,0.0,0,0,0,1440,0.0,0.0,0.0,0.0,Tuesday,4,April,0,0.0,Sedentary,,,,,,,,,,,,,,,1488.0,0.0,0.0,0.0,,,0.0,False,False
6117666160,2016-04-13,0,1496,0.0,0.0,0.0,0,0,0,1440,0.0,0.0,0.0,0.0,Wednesday,4,April,0,0.0,Sedentary,,,,,,,,,,,,,,,1488.0,0.0,0.0,0.0,,,0.0,False,False
6117666160,2016-04-14,0,1496,0.0,0.0,0.0,0,0,0,1440,0.0,0.0,0.0,0.0,Thursday,4,April,0,0.0,Sedentary,,,,,,,,,,,,,,,1488.0,0.0,0.0,0.0,,,0.0,False,False
6117666160,2016-04-15,14019,2865,10.5900001525879,10.5900001525879,0.0,0,6,513,921,0.0,0.280000001192093,10.3000001907349,0.0,Friday,4,April,519,10.580000191926992,High Activity,,,,,,,,97.94,57.0,137.0,5443.0,,,,2861.0,14019.0,525.0,0.36458337500000004,27.01156069364162,204.3655039589129,36.041666666666664,False,False
6117666160,2016-04-16,14450,2828,10.9099998474121,10.9099998474121,0.0,7,15,518,502,0.579999983310699,0.850000023841858,9.47999954223633,0.0,Saturday,4,April,540,10.909999549388887,High Activity,1.0,380.0,398.0,6.33,6.63,95.48,Short Sleep,87.03,54.0,155.0,9688.0,,,,2829.0,14450.0,569.0,0.395138875,26.75925925925926,195.70934256055364,37.5,False,True
6117666160,2016-04-17,7150,2225,5.40000009536743,5.40000009536743,0.0,0,0,312,702,0.0,0.0,5.40000009536743,0.0,Sunday,4,April,312,5.40000009536743,High Activity,2.0,336.0,350.0,5.6,5.83,96.0,Short Sleep,85.35,59.0,130.0,5824.0,,,,2222.0,7150.0,312.0,0.21666675,22.916666666666668,311.1888111888112,21.666666666666668,False,True
6117666160,2016-04-18,5153,2018,3.91000008583069,3.91000008583069,0.0,0,0,241,759,0.0,0.0,3.89000010490417,0.0,Monday,4,April,241,3.89000010490417,High Activity,2.0,493.0,510.0,8.22,8.5,96.67,Recommended Range,82.91,61.0,116.0,4125.0,,,,2018.0,5153.0,241.0,0.16736116666666667,21.38174273858921,391.61653405783045,16.73611111111111,True,False
6117666160,2016-04-19,11135,2606,8.40999984741211,8.40999984741211,0.0,0,0,480,425,0.0,0.0,8.40999984741211,0.0,Tuesday,4,April,480,8.40999984741211,High Activity,1.0,465.0,492.0,7.75,8.2,94.51,Recommended Range,83.51,53.0,124.0,9169.0,,,,2604.0,11135.0,480.0,0.33333324999999997,23.197916666666668,234.0368208352043,33.33333333333333,True,False
6117666160,2016-04-20,10449,2536,8.02000045776367,8.02000045776367,0.0,26,10,349,587,2.02999997138977,0.479999989271164,5.51999998092651,0.0,Wednesday,4,April,385,8.029999941587445,High Activity,1.0,474.0,502.0,7.9,8.37,94.42,Recommended Range,85.5,52.0,181.0,9182.0,,,,2534.0,10449.0,447.0,0.3104167083333333,27.14025974025974,242.70265097138483,26.73611111111111,True,False
6117666160,2016-04-21,19542,4900,15.0100002288818,15.0100002288818,0.0,11,19,294,579,0.980000019073486,0.400000005960464,5.61999988555908,0.0,Thursday,4,April,324,6.99999991059303,High Activity,1.0,508.0,550.0,8.47,9.17,92.36,Recommended Range,79.4,52.0,154.0,7416.0,,,,2365.0,9093.0,365.0,0.25347225,60.31481481481482,250.74199160781905,22.5,True,False
6117666160,2016-04-22,8206,2409,6.19999980926514,6.19999980926514,0.0,0,0,402,413,0.0,0.0,6.19999980926514,0.0,Friday,4,April,402,6.19999980926514,High Activity,1.0,480.0,546.0,8.0,9.1,87.91,Recommended Range,81.7,53.0,139.0,9012.0,,,,2410.0,8206.0,402.0,0.2791666666666667,20.412935323383085,293.56568364611263,27.916666666666668,True,False
6117666160,2016-04-23,11495,2651,8.68000030517578,8.68000030517578,0.0,0,0,512,468,0.0,0.0,8.68000030517578,0.0,Saturday,4,April,512,8.68000030517578,High Activity,1.0,492.0,539.0,8.2,8.98,91.28,Recommended Range,81.8,54.0,121.0,9450.0,,,,2652.0,11495.0,512.0,0.3555555833333333,22.451171875,230.622009569378,35.55555555555556,True,True
6117666160,2016-04-24,7623,2305,5.76000022888184,5.76000022888184,0.0,0,0,362,711,0.0,0.0,5.76000022888184,0.0,Sunday,4,April,362,5.76000022888184,High Activity,1.0,353.0,367.0,5.88,6.12,96.19,Short Sleep,84.21,55.0,129.0,5331.0,,,,2302.0,7623.0,362.0,0.2513889166666667,21.058011049723756,302.3743932834842,25.13888888888889,False,True
6117666160,2016-04-25,0,1497,0.0,0.0,0.0,0,0,0,1440,0.0,0.0,0.0,0.0,Monday,4,April,0,0.0,Sedentary,,,,,,,,,,,,,,,1488.0,0.0,0.0,0.0,,,0.0,False,False
6117666160,2016-04-26,9543,2450,7.21000003814697,7.21000003814697,0.0,0,7,352,1077,0.0,0.340000003576279,6.86999988555908,0.0,Tuesday,4,April,359,7.209999889135359,High Activity,,,,,,,,90.57,60.0,136.0,6372.0,,,,2448.0,9543.0,366.0,0.2541667083333333,26.58217270194986,256.7326836424605,24.930555555555557,False,False
6117666160,2016-04-27,9411,2576,7.1100001335144,7.1100001335144,0.0,0,0,458,417,0.0,0.0,7.1100001335144,0.0,Wednesday,4,April,458,7.1100001335144,High Activity,1.0,542.0,557.0,9.03,9.28,97.31,Long Sleep,83.15,52.0,126.0,9172.0,,,,2580.0,9411.0,458.0,0.31805554166666666,20.548034934497817,273.72223993199447,31.805555555555554,True,False
6117666160,2016-04-28,3403,1879,2.59999990463257,2.59999990463257,0.0,0,0,141,758,0.0,0.0,2.59999990463257,0.0,Thursday,4,April,141,2.59999990463257,High Activity,1.0,393.0,416.0,6.55,6.93,94.47,Short Sleep,80.1,54.0,145.0,8044.0,,,,1880.0,3403.0,141.0,0.09791670833333332,24.134751773049647,552.1598589479871,9.791666666666666,False,False
6117666160,2016-04-29,9592,2560,7.23999977111816,7.23999977111816,0.0,0,0,461,479,0.0,0.0,7.23999977111816,0.0,Friday,4,April,461,7.23999977111816,High Activity,1.0,600.0,636.0,10.0,10.6,94.34,Long Sleep,82.16,55.0,121.0,9180.0,,,,2563.0,9592.0,461.0,0.32013879166666664,20.806941431670282,266.8890742285238,32.013888888888886,True,False
6117666160,2016-04-30,6987,2275,5.28000020980835,5.28000020980835,0.0,0,0,343,1040,0.0,0.0,5.28000020980835,0.0,Saturday,4,April,343,5.28000020980835,High Activity,,,,,,,,85.35,53.0,189.0,5683.0,,,,2274.0,6987.0,343.0,0.23819445833333333,20.370262390670554,325.60469443251753,23.819444444444443,False,True
6117666160,2016-05-01,8915,2361,6.73000001907349,6.73000001907349,0.0,0,0,397,525,0.0,0.0,6.73000001907349,0.0,Sunday,5,May,397,6.73000001907349,High Activity,1.0,507.0,575.0,8.45,9.58,88.17,Recommended Range,77.44,55.0,114.0,4946.0,,,,2359.0,8915.0,397.0,0.27569445833333334,22.455919395465994,264.8345485137409,27.569444444444446,True,True
6117666160,2016-05-02,4933,2044,3.73000001907349,3.73000001907349,0.0,0,0,236,1204,0.0,0.0,3.73000001907349,0.0,Monday,5,May,236,3.73000001907349,High Activity,,,,,,,,91.67,61.0,123.0,2529.0,,,,2036.0,4927.0,235.0,0.16319441666666665,20.902542372881356,414.35232110277724,16.38888888888889,False,False
6117666160,2016-05-03,0,1496,0.0,0.0,0.0,0,0,0,1440,0.0,0.0,0.0,0.0,Tuesday,5,May,0,0.0,Sedentary,,,,,,,,,,,,,,,1488.0,0.0,0.0,0.0,,,0.0,False,False
6117666160,2016-05-04,2997,1902,2.25999999046326,2.25999999046326,0.0,0,0,156,1279,0.0,0.0,2.25999999046326,0.0,Wednesday,5,May,156,2.25999999046326,High Activity,,,,,,,,92.9,62.0,124.0,2270.0,,,,1896.0,2997.0,156.0,0.10833337500000001,19.21153846153846,634.6346346346346,10.833333333333334,False,False
6117666160,2016-05-05,9799,2636,7.40000009536743,7.40000009536743,0.0,0,0,487,479,0.0,0.0,7.40000009536743,0.0,Thursday,5,May,487,7.40000009536743,High Activity,1.0,392.0,415.0,6.53,6.92,94.46,Short Sleep,84.72,52.0,120.0,9413.0,,,,2637.0,9799.0,487.0,0.33819441666666666,20.121149897330596,269.0070415348505,33.81944444444444,False,False
6117666160,2016-05-06,3365,1838,2.6800000667572,2.6800000667572,0.0,0,0,133,673,0.0,0.0,2.6800000667572,0.0,Friday,5,May,133,2.6800000667572,High Activity,2.0,658.0,698.0,10.97,11.63,94.27,Long Sleep,76.57,54.0,126.0,3483.0,,,,1840.0,3365.0,133.0,0.09236108333333333,25.30075187969925,546.2109955423476,9.23611111111111,True,False
6117666160,2016-05-07,7336,2469,5.53999996185303,5.53999996185303,0.0,0,0,412,456,0.0,0.0,5.53999996185303,0.0,Saturday,5,May,412,5.53999996185303,High Activity,2.0,498.0,507.0,8.3,8.45,98.22,Recommended Range,83.88,54.0,126.0,9044.0,,,,2468.0,7336.0,412.0,0.28611116666666664,17.805825242718445,336.5594329334787,28.61111111111111,True,True
6117666160,2016-05-08,7328,2250,5.53000020980835,5.53000020980835,0.0,0,0,318,517,0.0,0.0,5.53000020980835,0.0,Sunday,5,May,318,5.53000020980835,High Activity,1.0,555.0,603.0,9.25,10.05,92.04,Long Sleep,81.14,52.0,118.0,9173.0,,,,2255.0,7328.0,318.0,0.220833375,23.044025157232703,307.0414847161572,22.083333333333332,True,True
6117666160,2016-05-09,4477,1248,3.38000011444092,3.38000011444092,0.0,0,0,197,125,0.0,0.0,3.38000011444092,0.0,Monday,5,May,197,3.38000011444092,High Activity,1.0,492.0,522.0,8.2,8.7,94.25,Recommended Range,76.47,52.0,113.0,4950.0,,,,1085.0,3297.0,155.0,0.2152778333333333,22.725888324873097,278.7580969399151,13.680555555555557,True,False
6290855005,2016-04-12,4562,2560,3.45000004768372,3.45000004768372,0.0,0,0,199,1241,0.0,0.0,3.45000004768372,0.0,Tuesday,4,April,199,3.45000004768372,High Activity,,,,,,,,,,,,,,,2563.0,4562.0,199.0,0.13819445833333333,22.92462311557789,561.1573871109163,13.819444444444445,False,False
6290855005,2016-04-13,7142,2905,5.40000009536743,5.40000009536743,0.0,0,0,350,1090,0.0,0.0,5.3899998664856,0.0099999997764825,Wednesday,4,April,350,5.3899998664856,High Activity,,,,,,,,,,,,,,,2908.0,7142.0,350.0,0.24305554166666665,20.405714285714286,406.74880985718283,24.305555555555554,False,False
6290855005,2016-04-14,7671,2952,5.80000019073486,5.80000019073486,0.0,0,0,363,1077,0.0,0.0,5.76999998092651,0.0299999993294477,Thursday,4,April,363,5.76999998092651,High Activity,,,,,,,,,,,,,,,2952.0,7671.0,363.0,0.25208329166666665,21.132231404958677,384.8259679311693,25.208333333333332,False,False
6290855005,2016-04-15,9501,2896,7.17999982833862,7.17999982833862,0.0,0,0,328,1112,0.0,0.0,7.17000007629395,0.0099999997764825,Friday,4,April,328,7.17000007629395,High Activity,,,,,,,,,,,,,,,2897.0,9501.0,328.0,0.22777779166666667,28.966463414634145,304.810019997895,22.77777777777778,False,False
6290855005,2016-04-16,8301,2783,6.28000020980835,6.28000020980835,0.0,0,0,258,1182,0.0,0.0,6.26999998092651,0.0099999997764825,Saturday,4,April,258,6.26999998092651,High Activity,,,,,,,,,,,,,,,2787.0,8301.0,258.0,0.179166625,32.174418604651166,335.26081195036744,17.916666666666668,False,True
6290855005,2016-04-17,7851,3171,5.94000005722046,5.94000005722046,0.0,31,12,225,1172,1.13999998569489,0.790000021457672,4.0,0.0,Sunday,4,April,268,5.930000007152562,High Activity,,,,,,,,,,,,,,,3173.0,7851.0,342.0,0.23750000000000002,29.294776119402986,403.897592663355,18.61111111111111,False,True
6290855005,2016-04-18,6885,2766,5.21000003814697,5.21000003814697,0.0,0,0,271,1169,0.0,0.0,5.19000005722046,0.0199999995529652,Monday,4,April,271,5.19000005722046,High Activity,,,,,,,,,,,,,,,2767.0,6885.0,271.0,0.18819445833333334,25.40590405904059,401.7429193899782,18.819444444444443,False,False
6290855005,2016-04-19,7142,2839,5.40000009536743,5.40000009536743,0.0,0,0,321,1119,0.0,0.0,5.3899998664856,0.0099999997764825,Tuesday,4,April,321,5.3899998664856,High Activity,,,,,,,,,,,,,,,2843.0,7142.0,321.0,0.222916625,22.24922118380062,397.50770092411085,22.291666666666668,False,False
6290855005,2016-04-20,6361,2701,4.80999994277954,4.80999994277954,0.0,0,0,258,1182,0.0,0.0,4.80000019073486,0.0099999997764825,Wednesday,4,April,258,4.80000019073486,High Activity,,,,,,,,,,,,,,,2703.0,6361.0,258.0,0.17916666666666667,24.655038759689923,424.6187706335482,17.916666666666668,False,False
6290855005,2016-04-21,0,2060,0.0,0.0,0.0,0,0,0,1440,0.0,0.0,0.0,0.0,Thursday,4,April,0,0.0,Sedentary,,,,,,,,,,,,,,,2064.0,0.0,0.0,0.0,,,0.0,False,False
6290855005,2016-04-22,6238,2796,4.71999979019165,4.71999979019165,0.0,0,0,302,1138,0.0,0.0,4.71999979019165,0.0,Friday,4,April,302,4.71999979019165,High Activity,,,,,,,,,,,,,,,2798.0,6238.0,302.0,0.20972225,20.655629139072847,448.22058352035907,20.97222222222222,False,False
6290855005,2016-04-23,0,2664,0.0,0.0,0.0,33,0,0,1407,0.0,0.0,0.0,0.0,Saturday,4,April,33,0.0,Moderate Activity,,,,,,,,,,,,,,,2668.0,0.0,99.0,0.06874999999999999,0.0,,2.2916666666666665,False,True
6290855005,2016-04-24,5896,2703,4.46000003814697,4.46000003814697,0.0,0,0,258,1182,0.0,0.0,4.46000003814697,0.0,Sunday,4,April,258,4.46000003814697,High Activity,,,,,,,,,,,,,,,2705.0,5896.0,258.0,0.17916658333333335,22.852713178294575,458.4464043419267,17.916666666666668,False,True
6290855005,2016-04-25,7802,2771,5.90000009536743,5.90000009536743,0.0,8,3,249,1180,0.680000007152557,0.180000007152557,5.03000020980835,0.0099999997764825,Monday,4,April,260,5.8900002241134635,High Activity,,,,,,,,,,,,,,,2774.0,7802.0,279.0,0.19374995833333333,30.00769230769231,355.1653422199436,18.055555555555554,False,False
6290855005,2016-04-26,0,2060,0.0,0.0,0.0,0,0,0,1440,0.0,0.0,0.0,0.0,Tuesday,4,April,0,0.0,Sedentary,,,,,,,,,,,,,,,2064.0,0.0,0.0,0.0,,,0.0,False,False
6290855005,2016-04-27,5565,2743,4.21000003814697,4.21000003814697,0.0,0,0,287,1153,0.0,0.0,4.17999982833862,0.0299999993294477,Wednesday,4,April,287,4.17999982833862,High Activity,,,,,,,,,,,,,,,2746.0,5565.0,287.0,0.1993055,19.390243902439025,492.9020664869721,19.930555555555557,False,False
6290855005,2016-04-28,5731,2687,4.32999992370605,4.32999992370605,0.0,0,0,255,1185,0.0,0.0,4.32999992370605,0.0,Thursday,4,April,255,4.32999992370605,High Activity,,,,,,,,,,,,,,,2690.0,5731.0,255.0,0.17708325,22.474509803921567,468.853603210609,17.708333333333336,False,False
6290855005,2016-04-29,0,2060,0.0,0.0,0.0,0,0,0,1440,0.0,0.0,0.0,0.0,Friday,4,April,0,0.0,Sedentary,,,,,,,,,,,,,,,2064.0,0.0,0.0,0.0,,,0.0,False,False
6290855005,2016-04-30,6744,2843,5.09999990463257,5.09999990463257,0.0,0,0,324,1116,0.0,0.0,5.09000015258789,0.0099999997764825,Saturday,4,April,324,5.09000015258789,High Activity,,,,,,,,,,,,,,,2846.0,6744.0,324.0,0.225,20.814814814814813,421.5599051008304,22.5,False,True
6290855005,2016-05-01,9837,3327,7.44000005722046,7.44000005722046,0.0,8,95,282,1055,0.660000026226044,2.75,4.0,0.0199999995529652,Sunday,5,May,385,7.410000026226044,High Activity,,,,,,,,,,,,,,,3328.0,9837.0,496.0,0.3444444583333333,25.55064935064935,338.21286977737117,26.73611111111111,False,True
6290855005,2016-05-02,6781,2725,5.13000011444092,5.13000011444092,0.0,0,0,268,1172,0.0,0.0,5.1100001335144,0.0199999995529652,Monday,5,May,268,5.1100001335144,High Activity,,,,,,,,,,,,,,,2725.0,6781.0,268.0,0.18611108333333334,25.30223880597015,401.85813301872884,18.61111111111111,False,False
6290855005,2016-05-03,6047,2671,4.57000017166138,4.57000017166138,0.0,0,0,240,1200,0.0,0.0,4.57000017166138,0.0,Tuesday,5,May,240,4.57000017166138,High Activity,,,,,,,,,,,,,,,2674.0,6047.0,240.0,0.16666666666666666,25.195833333333333,441.7066313874649,16.666666666666664,False,False
6290855005,2016-05-04,5832,2718,4.40999984741211,4.40999984741211,0.0,0,0,272,1168,0.0,0.0,4.40000009536743,0.0099999997764825,Wednesday,5,May,272,4.40000009536743,High Activity,,,,,,,,,,,,,,,2720.0,5832.0,272.0,0.18888895833333333,21.441176470588236,466.0493827160494,18.88888888888889,False,False
6290855005,2016-05-05,6339,2682,4.78999996185303,4.78999996185303,0.0,0,0,239,1201,0.0,0.0,4.78999996185303,0.0,Thursday,5,May,239,4.78999996185303,High Activity,,,,,,,,,,,,,,,2685.0,6339.0,239.0,0.16597216666666667,26.523012552301257,423.09512541410317,16.59722222222222,False,False
6290855005,2016-05-06,6116,2806,4.61999988555908,4.61999988555908,0.0,0,0,305,1135,0.0,0.0,4.59000015258789,0.0299999993294477,Friday,5,May,305,4.59000015258789,High Activity,,,,,,,,,,,,,,,2807.0,6116.0,305.0,0.2118055,20.052459016393442,458.7965990843689,21.180555555555554,False,False
6290855005,2016-05-07,5510,2613,4.17000007629395,4.17000007629395,0.0,0,0,227,1213,0.0,0.0,4.15999984741211,0.0,Saturday,5,May,227,4.15999984741211,High Activity,,,,,,,,,,,,,,,2616.0,5510.0,227.0,0.15763891666666666,24.273127753303964,474.2286751361162,15.76388888888889,False,True
6290855005,2016-05-08,7706,2712,5.82999992370605,5.82999992370605,0.0,0,0,251,1189,0.0,0.0,5.82000017166138,0.0,Sunday,5,May,251,5.82000017166138,High Activity,,,,,,,,,,,,,,,2713.0,7706.0,251.0,0.1743055,30.701195219123505,351.933558266286,17.430555555555554,False,True
6290855005,2016-05-09,6277,2175,4.75,4.75,0.0,0,0,264,800,0.0,0.0,4.73000001907349,0.0199999995529652,Monday,5,May,264,4.73000001907349,High Activity,,,,,,,,,,,,,,,2097.0,6118.0,257.0,0.25196076470588236,23.776515151515152,346.50310657957624,18.333333333333332,False,False
6290855005,2016-05-10,0,0,0.0,0.0,0.0,0,0,0,1440,0.0,0.0,0.0,0.0,Tuesday,5,May,0,0.0,Sedentary,,,,,,,,,,,,,,,,,,,,,0.0,False,False
6775888955,2016-04-12,0,1841,0.0,0.0,0.0,0,0,0,1440,0.0,0.0,0.0,0.0,Tuesday,4,April,0,0.0,Sedentary,,,,,,,,,,,,,,,1848.0,0.0,0.0,0.0,,,0.0,False,False
6775888955,2016-04-13,4053,2400,2.91000008583069,2.91000008583069,0.0,17,18,85,1053,1.11000001430511,0.579999983310699,1.22000002861023,0.0,Wednesday,4,April,120,2.9100000262260393,High Activity,1.0,235.0,260.0,3.92,4.33,90.38,Very Short Sleep,82.72,55.0,135.0,4371.0,,,,2401.0,4053.0,172.0,0.11944441666666666,33.775,592.1539600296077,8.333333333333332,False,False
6775888955,2016-04-14,5162,2507,3.70000004768372,3.70000004768372,0.0,14,24,105,863,0.870000004768372,0.860000014305115,1.97000002861023,0.0,Thursday,4,April,143,3.7000000476837167,High Activity,1.0,423.0,441.0,7.05,7.35,95.92,Recommended Range,79.27,57.0,134.0,6099.0,,,,2508.0,5162.0,195.0,0.13541670833333333,36.0979020979021,485.6644711352189,9.930555555555555,True,False
6775888955,2016-04-15,1282,2127,0.920000016689301,0.920000016689301,0.0,0,0,58,976,0.0,0.0,0.920000016689301,0.0,Friday,4,April,58,0.920000016689301,Moderate Activity,1.0,391.0,406.0,6.52,6.77,96.31,Short Sleep,80.59,62.0,126.0,3455.0,,,,2131.0,1282.0,58.0,0.04027783333333334,22.103448275862068,1659.126365054602,4.027777777777778,False,False
6775888955,2016-04-16,4732,2225,3.39000010490417,3.39000010490417,0.0,36,18,9,1377,2.51999998092651,0.810000002384186,0.0599999986588955,0.0,Saturday,4,April,63,3.3899999819695914,High Activity,,,,,,,,108.62,70.0,143.0,589.0,,,,2231.0,4732.0,153.0,0.10625,75.11111111111111,470.20287404902786,4.375,False,True
6775888955,2016-04-17,2497,2067,1.78999996185303,1.78999996185303,0.0,5,24,19,1392,0.349999994039536,1.12999999523163,0.310000002384186,0.0,Sunday,4,April,48,1.789999991655352,Moderate Activity,,,,,,,,102.37,70.0,118.0,469.0,,,,2074.0,2497.0,82.0,0.056944416666666664,52.020833333333336,827.7933520224269,3.3333333333333335,False,True
6775888955,2016-04-18,8294,2798,5.94999980926514,5.94999980926514,0.0,30,31,146,1233,2.0,0.769999980926514,3.17000007629395,0.0,Monday,4,April,207,5.940000057220464,High Activity,,,,,,,,97.72,66.0,177.0,2549.0,,,,2803.0,8294.0,298.0,0.2069445,40.067632850241544,337.35230286954425,14.374999999999998,False,False
6775888955,2016-04-19,0,1841,0.0,0.0,0.0,0,0,0,1440,0.0,0.0,0.0,0.0,Tuesday,4,April,0,0.0,Sedentary,,,,,,,,99.46,66.0,177.0,26.0,,,,1848.0,0.0,0.0,0.0,,,0.0,False,False
6775888955,2016-04-20,10771,3727,7.71999979019165,7.71999979019165,0.0,70,113,178,1079,3.76999998092651,1.74000000953674,2.22000002861023,0.0,Wednesday,4,April,361,7.730000019073479,High Activity,,,,,,,,105.64,70.0,155.0,4389.0,,,,3731.0,10771.0,614.0,0.4263889166666666,29.83656509695291,346.02172500232103,25.069444444444443,False,False
6775888955,2016-04-21,0,1841,0.0,0.0,0.0,0,0,0,1440,0.0,0.0,0.0,0.0,Thursday,4,April,0,0.0,Sedentary,,,,,,,,,,,,,,,1848.0,0.0,0.0,0.0,,,0.0,False,False
6775888955,2016-04-22,637,1922,0.46000000834465,0.46000000834465,0.0,0,0,20,1420,0.0,0.0,0.46000000834465,0.0,Friday,4,April,20,0.46000000834465,Low Activity,,,,,,,,90.89,66.0,123.0,340.0,,,,1929.0,637.0,20.0,0.013888875,31.85,3017.2684458398744,1.3888888888888888,False,False
6775888955,2016-04-23,0,1841,0.0,0.0,0.0,0,0,0,1440,0.0,0.0,0.0,0.0,Saturday,4,April,0,0.0,Sedentary,,,,,,,,,,,,,,,1848.0,0.0,0.0,0.0,,,0.0,False,True
6775888955,2016-04-24,2153,2053,1.53999996185303,1.53999996185303,0.0,11,18,11,1400,0.769999980926514,0.620000004768372,0.150000005960464,0.0,Sunday,4,April,40,1.5399999916553502,Moderate Activity,,,,,,,,109.79,70.0,140.0,347.0,,,,2059.0,2153.0,80.0,0.05555554166666667,53.825,953.5531816070599,2.7777777777777777,False,True
6775888955,2016-04-25,6474,2484,4.6399998664856,4.6399998664856,0.0,33,13,92,1302,2.26999998092651,0.46000000834465,1.89999997615814,0.0,Monday,4,April,138,4.6299999654293,High Activity,,,,,,,,94.66,58.0,131.0,1805.0,,,,2487.0,6463.0,217.0,0.15069441666666666,46.91304347826087,383.6886005560704,9.583333333333334,False,False
6775888955,2016-04-26,7091,2584,5.26999998092651,5.26999998092651,1.95959603786469,42,30,47,1321,3.48000001907349,0.870000004768372,0.730000019073486,0.0,Tuesday,4,April,119,5.080000042915348,High Activity,,,,,,,,99.66,56.0,143.0,1651.0,,,,2590.0,7091.0,233.0,0.16180562499999998,59.588235294117645,364.4055845437879,8.26388888888889,False,False
6775888955,2016-04-27,0,1841,0.0,0.0,0.0,0,0,0,1440,0.0,0.0,0.0,0.0,Wednesday,4,April,0,0.0,Sedentary,,,,,,,,,,,,,,,1848.0,0.0,0.0,0.0,,,0.0,False,False
6775888955,2016-04-28,703,1993,0.5,0.5,0.0,2,13,15,1410,0.0599999986588955,0.200000002980232,0.239999994635582,0.0,Thursday,4,April,30,0.4999999962747095,Moderate Activity,,,,,,,,104.71,70.0,134.0,309.0,,,,2000.0,703.0,47.0,0.032638875,23.433333333333334,2834.9928876244667,2.083333333333333,False,False
6775888955,2016-04-29,0,1841,0.0,0.0,0.0,0,0,0,1440,0.0,0.0,0.0,0.0,Friday,4,April,0,0.0,Sedentary,,,,,,,,81.79,70.0,109.0,19.0,,,,1848.0,0.0,0.0,0.0,,,0.0,False,False
6775888955,2016-04-30,2503,2280,1.78999996185303,1.78999996185303,0.0,3,9,84,1344,0.159999996423721,0.159999996423721,1.48000001907349,0.0,Saturday,4,April,96,1.800000011920932,High Activity,,,,,,,,96.1,68.0,125.0,1811.0,,,,2286.0,2503.0,111.0,0.07708333333333334,26.072916666666668,910.9069117059528,6.666666666666667,False,True
6775888955,2016-05-01,2487,2319,1.77999997138977,1.77999997138977,0.0,9,34,50,1347,0.479999989271164,0.620000004768372,0.680000007152557,0.0,Sunday,5,May,93,1.780000001192093,High Activity,,,,,,,,107.14,70.0,129.0,1085.0,,,,2325.0,2487.0,145.0,0.10069441666666668,26.741935483870968,932.4487334137515,6.458333333333334,False,True
6775888955,2016-05-02,0,1841,0.0,0.0,0.0,0,0,0,1440,0.0,0.0,0.0,0.0,Monday,5,May,0,0.0,Sedentary,,,,,,,,,,,,,,,1848.0,0.0,0.0,0.0,,,0.0,False,False
6775888955,2016-05-03,9,1843,0.0099999997764825,0.0099999997764825,0.0,0,0,1,1439,0.0,0.0,0.0099999997764825,0.0,Tuesday,5,May,1,0.0099999997764825,Low Activity,,,,,,,,,,,,,,,1850.0,9.0,1.0,0.0006944583333333334,9.0,204777.77777777778,0.06944444444444445,False,False
6775888955,2016-05-04,0,1841,0.0,0.0,0.0,0,0,0,1440,0.0,0.0,0.0,0.0,Wednesday,5,May,0,0.0,Sedentary,,,,,,,,,,,,,,,1848.0,0.0,0.0,0.0,,,0.0,False,False
6775888955,2016-05-05,0,1841,0.0,0.0,0.0,0,0,0,1440,0.0,0.0,0.0,0.0,Thursday,5,May,0,0.0,Sedentary,,,,,,,,,,,,,,,1848.0,0.0,0.0,0.0,,,0.0,False,False
6775888955,2016-05-06,4697,2496,3.36999988555908,3.36999988555908,0.0,12,35,75,1318,0.469999998807907,0.930000007152557,1.92999994754791,0.0,Friday,5,May,122,3.329999953508374,High Activity,,,,,,,,98.86,71.0,135.0,2330.0,,,,2501.0,4642.0,181.0,0.12569445833333334,38.5,531.4030232063019,8.472222222222223,False,False
6775888955,2016-05-07,1967,1032,1.4099999666214,1.4099999666214,0.0,2,5,49,551,0.129999995231628,0.239999994635582,1.04999995231628,0.0,Saturday,5,May,56,1.41999994218349,Moderate Activity,,,,,,,,94.22,70.0,118.0,1127.0,,,,1013.0,1892.0,61.0,0.1016667,35.125,524.6568378240976,3.888888888888889,False,True
6962181067,2016-04-12,10199,1994,6.73999977111816,6.73999977111816,0.0,50,14,189,796,3.40000009536743,0.829999983310699,2.50999999046326,0.0,Tuesday,4,April,253,6.74000006914139,High Activity,1.0,366.0,387.0,6.1,6.45,94.57,Short Sleep,85.04,47.0,176.0,9196.0,,,,1998.0,10199.0,367.0,0.2548610416666667,40.312252964426875,195.50936366310424,17.569444444444443,False,False
6962181067,2016-04-13,5652,1718,3.74000000953674,3.74000000953674,0.0,8,24,142,548,0.569999992847443,1.21000003814697,1.96000003814697,0.0,Wednesday,4,April,174,3.740000069141383,High Activity,3.0,630.0,679.0,10.5,11.32,92.78,Long Sleep,80.52,59.0,149.0,8266.0,,,,1717.0,5652.0,214.0,0.14861108333333334,32.48275862068966,303.96319886765747,12.083333333333334,True,False
6962181067,2016-04-14,1551,1466,1.02999997138977,1.02999997138977,0.0,0,0,86,862,0.0,0.0,1.02999997138977,0.0,Thursday,4,April,86,1.02999997138977,High Activity,2.0,508.0,535.0,8.47,8.92,94.95,Recommended Range,70.13,55.0,131.0,8089.0,,,,1468.0,1551.0,86.0,0.059722250000000004,18.03488372093023,945.1966473243069,5.972222222222222,True,False
6962181067,2016-04-15,5563,1756,3.6800000667572,3.6800000667572,0.0,0,0,217,837,0.0,0.0,3.6800000667572,0.0,Friday,4,April,217,3.6800000667572,High Activity,1.0,370.0,386.0,6.17,6.43,95.85,Short Sleep,72.99,54.0,115.0,8355.0,,,,1755.0,5563.0,217.0,0.15069445833333334,25.63594470046083,315.6570195937444,15.069444444444443,False,False
6962181067,2016-04-16,13217,2173,8.73999977111816,8.73999977111816,0.0,50,3,280,741,3.66000008583069,0.189999997615814,4.88000011444092,0.0,Saturday,4,April,333,8.730000197887424,High Activity,1.0,357.0,366.0,5.95,6.1,97.54,Short Sleep,82.04,55.0,142.0,9880.0,,,,2171.0,13217.0,436.0,0.30277783333333336,39.690690690690694,164.4094726488613,23.125,False,True
6962181067,2016-04-17,10145,2027,6.71000003814697,6.71000003814697,0.0,5,13,295,634,0.330000013113022,0.680000007152557,5.69000005722046,0.0,Sunday,4,April,313,6.700000077486039,High Activity,1.0,427.0,446.0,7.12,7.43,95.74,Recommended Range,76.66,58.0,139.0,8265.0,,,,2028.0,10145.0,336.0,0.23333337499999998,32.412140575079874,199.80285855101036,21.73611111111111,True,True
6962181067,2016-04-18,11404,2039,7.53999996185303,7.53999996185303,0.0,13,42,238,689,0.829999983310699,2.39000010490417,4.32000017166138,0.0,Monday,4,April,293,7.540000259876249,High Activity,1.0,442.0,458.0,7.37,7.63,96.51,Recommended Range,76.92,55.0,134.0,7963.0,,,,2040.0,11404.0,361.0,0.2506945,38.92150170648464,178.79691336373202,20.34722222222222,True,False
6962181067,2016-04-19,10742,2046,7.09999990463257,7.09999990463257,0.0,35,41,195,659,2.09999990463257,2.13000011444092,2.86999988555908,0.0,Tuesday,4,April,271,7.09999990463257,High Activity,1.0,476.0,535.0,7.93,8.92,88.97,Recommended Range,77.43,58.0,135.0,8612.0,,,,2046.0,10742.0,382.0,0.26527775,39.638376383763834,190.46732452057344,18.819444444444443,True,False
6962181067,2016-04-20,13928,2174,9.55000019073486,9.55000019073486,0.0,48,4,297,639,4.28000020980835,0.189999997615814,5.09000015258789,0.0,Wednesday,4,April,349,9.560000360012054,High Activity,1.0,418.0,424.0,6.97,7.07,98.58,Short Sleep,74.91,50.0,137.0,8884.0,,,,2174.0,13928.0,449.0,0.3118055416666667,39.90830945558739,156.0884549109707,24.23611111111111,False,False
6962181067,2016-04-21,11835,2179,9.71000003814697,7.88000011444092,4.08169221878052,53,27,214,708,3.99000000953674,2.09999990463257,3.50999999046326,0.109999999403954,Thursday,4,April,294,9.59999990463257,High Activity,1.0,451.0,457.0,7.52,7.62,98.69,Recommended Range,83.47,49.0,173.0,9147.0,,,,2179.0,11835.0,427.0,0.29652779166666665,40.255102040816325,184.1149133924799,20.416666666666668,True,False
6962181067,2016-04-22,10725,2086,7.09000015258789,7.09000015258789,0.0,30,33,240,659,1.76999998092651,1.54999995231628,3.76999998092651,0.0,Friday,4,April,303,7.0899999141693,High Activity,1.0,425.0,435.0,7.08,7.25,97.7,Recommended Range,79.12,55.0,169.0,9065.0,,,,2088.0,10725.0,396.0,0.2749999583333333,35.396039603960396,194.4988344988345,21.041666666666668,True,False
6962181067,2016-04-23,20031,2571,13.2399997711182,13.2399997711182,0.0,58,41,347,484,4.19999980926514,2.0,7.03999996185303,0.0,Saturday,4,April,446,13.239999771118171,High Activity,1.0,528.0,546.0,8.8,9.1,96.7,Recommended Range,84.65,52.0,152.0,9856.0,,,,2572.0,20031.0,603.0,0.41874995833333334,44.912556053811656,128.35105586341172,30.97222222222222,True,True
6962181067,2016-04-24,5029,1705,3.3199999332428,3.3199999332428,0.0,0,0,199,720,0.0,0.0,3.3199999332428,0.0,Sunday,4,April,199,3.3199999332428,High Activity,1.0,511.0,514.0,8.52,8.57,99.42,Recommended Range,68.82,49.0,114.0,8643.0,,,,1705.0,5029.0,199.0,0.138194375,25.271356783919597,339.03360509047525,13.819444444444445,True,True
6962181067,2016-04-25,13239,2194,9.27000045776367,9.07999992370605,2.78517508506775,35,31,282,637,3.01999998092651,1.67999994754791,4.46000003814697,0.100000001490116,Monday,4,April,348,9.15999996662139,High Activity,1.0,400.0,415.0,6.67,6.92,96.39,Short Sleep,73.99,51.0,142.0,9093.0,,,,2193.0,13239.0,449.0,0.31180558333333336,38.043103448275865,165.72248659264295,24.166666666666668,False,False
6962181067,2016-04-26,10433,2012,6.90000009536743,6.90000009536743,0.0,36,7,254,680,2.57999992370605,0.419999986886978,3.90000009536743,0.0,Tuesday,4,April,297,6.900000005960457,High Activity,1.0,441.0,446.0,7.35,7.43,98.88,Recommended Range,77.08,51.0,140.0,8917.0,,,,2018.0,10433.0,376.0,0.261111125,35.127946127946124,192.849611808684,20.625,True,False
6962181067,2016-04-27,10320,2034,6.82000017166138,6.82000017166138,0.0,7,38,279,697,0.550000011920929,2.01999998092651,4.25,0.0,Wednesday,4,April,324,6.819999992847439,High Activity,1.0,455.0,467.0,7.58,7.78,97.43,Recommended Range,73.0,53.0,142.0,8595.0,,,,2036.0,10320.0,376.0,0.261111125,31.85185185185185,197.09302325581396,22.5,True,False
6962181067,2016-04-28,12627,2182,8.35000038146973,8.35000038146973,0.0,38,8,288,621,2.50999999046326,0.239999994635582,5.59000015258789,0.0,Thursday,4,April,334,8.340000137686731,High Activity,1.0,440.0,453.0,7.33,7.55,97.13,Recommended Range,82.08,54.0,174.0,8928.0,,,,2185.0,12627.0,418.0,0.29027783333333335,37.80538922155689,172.80430822839946,23.194444444444446,True,False
6962181067,2016-04-29,10762,2254,7.1100001335144,7.1100001335144,0.0,12,15,369,645,0.819999992847443,0.479999989271164,5.80999994277954,0.0,Friday,4,April,396,7.109999924898148,High Activity,1.0,433.0,447.0,7.22,7.45,96.87,Recommended Range,80.96,56.0,141.0,9101.0,,,,2253.0,10762.0,435.0,0.3020832916666667,27.17676767676768,209.4406244192529,27.500000000000004,True,False
6962181067,2016-04-30,10081,2002,6.65999984741211,6.65999984741211,0.0,32,16,237,731,2.24000000953674,0.759999990463257,3.67000007629395,0.0,Saturday,4,April,285,6.670000076293947,High Activity,1.0,422.0,424.0,7.03,7.07,99.53,Recommended Range,80.16,53.0,141.0,8496.0,,,,2004.0,10081.0,365.0,0.25347233333333336,35.371929824561406,198.5914095823827,19.791666666666664,True,True
6962181067,2016-05-01,5454,1740,3.60999989509583,3.60999989509583,0.0,0,0,215,722,0.0,0.0,3.60999989509583,0.0,Sunday,5,May,215,3.60999989509583,High Activity,1.0,411.0,426.0,6.85,7.1,96.48,Short Sleep,73.29,56.0,127.0,8096.0,,,,1741.0,5454.0,215.0,0.14930558333333332,25.367441860465117,319.03190319031904,14.930555555555555,False,True
6962181067,2016-05-02,12912,2162,8.53999996185303,8.53999996185303,0.0,18,39,313,655,1.20000004768372,2.0,5.34000015258789,0.0,Monday,5,May,370,8.54000020027161,High Activity,1.0,466.0,482.0,7.77,8.03,96.68,Recommended Range,79.67,56.0,140.0,9518.0,,,,2161.0,12912.0,445.0,0.30902783333333333,34.8972972972973,167.44114002478312,25.694444444444443,True,False
6962181067,2016-05-03,12109,2072,8.11999988555908,8.11999988555908,0.0,21,36,267,654,1.74000000953674,2.03999996185303,4.32999992370605,0.0,Tuesday,5,May,324,8.10999989509582,High Activity,1.0,394.0,418.0,6.57,6.97,94.26,Short Sleep,75.4,53.0,157.0,8757.0,,,,2074.0,12109.0,402.0,0.27916658333333333,37.373456790123456,171.11239573870674,22.5,False,False
6962181067,2016-05-04,10147,2086,6.71000003814697,6.71000003814697,0.0,15,36,284,683,0.469999998807907,1.67999994754791,4.55000019073486,0.0,Wednesday,5,May,335,6.700000137090677,High Activity,1.0,442.0,455.0,7.37,7.58,97.14,Recommended Range,79.47,55.0,174.0,9170.0,,,,2086.0,10147.0,401.0,0.2784722916666667,30.28955223880597,205.57800335074407,23.26388888888889,True,False
6962181067,2016-05-05,10524,2066,6.96000003814697,6.96000003814697,0.0,14,22,305,591,0.990000009536743,1.1599999666214,4.80999994277954,0.0,Thursday,5,May,341,6.959999918937683,High Activity,1.0,467.0,491.0,7.78,8.18,95.11,Recommended Range,76.64,54.0,128.0,7761.0,,,,2066.0,10524.0,391.0,0.27152787500000003,30.86217008797654,196.31318890155836,23.680555555555554,True,False
6962181067,2016-05-06,5908,1850,3.91000008583069,3.91000008583069,0.0,0,0,299,717,0.0,0.0,3.91000008583069,0.0,Friday,5,May,299,3.91000008583069,High Activity,1.0,443.0,462.0,7.38,7.7,95.89,Recommended Range,72.33,52.0,114.0,9026.0,,,,1850.0,5908.0,299.0,0.20763900000000002,19.759197324414714,313.1347325660122,20.76388888888889,True,False
6962181067,2016-05-07,6815,1947,4.5,4.5,0.0,0,0,328,745,0.0,0.0,4.5,0.0,Saturday,5,May,328,4.5,High Activity,1.0,298.0,334.0,4.97,5.57,89.22,Very Short Sleep,76.98,57.0,125.0,8543.0,,,,1947.0,6815.0,328.0,0.22777775,20.777439024390244,285.69332355099044,22.77777777777778,False,True
6962181067,2016-05-08,4188,1659,2.76999998092651,2.76999998092651,0.0,0,14,151,709,0.0,0.519999980926514,2.25,0.0,Sunday,5,May,165,2.769999980926514,High Activity,1.0,541.0,569.0,9.02,9.48,95.08,Long Sleep,75.0,54.0,116.0,7235.0,,,,1660.0,4188.0,179.0,0.12430562499999999,25.381818181818183,396.13180515759313,11.458333333333332,True,True
6962181067,2016-05-09,12342,2105,8.72000026702881,8.68000030517578,3.16782188415527,43,21,231,607,3.90000009536743,1.17999994754791,3.65000009536743,0.0,Monday,5,May,295,8.730000138282769,High Activity,1.0,489.0,497.0,8.15,8.28,98.39,Recommended Range,77.02,56.0,181.0,8566.0,,,,2105.0,12342.0,402.0,0.279166625,41.83728813559322,170.55582563603954,20.48611111111111,True,False
6962181067,2016-05-10,15448,2361,10.210000038147,10.210000038147,0.0,62,34,275,626,3.47000002861023,1.75,4.98999977111816,0.0,Tuesday,5,May,371,10.20999979972839,High Activity,1.0,469.0,481.0,7.82,8.02,97.51,Recommended Range,83.32,57.0,184.0,9066.0,,,,2361.0,15448.0,529.0,0.367361125,41.6388140161725,152.83531848783014,25.763888888888886,True,False
6962181067,2016-05-11,6722,1855,4.44000005722046,4.44000005722046,0.0,24,7,199,709,1.49000000953674,0.310000002384186,2.65000009536743,0.0,Wednesday,5,May,230,4.450000107288356,High Activity,1.0,452.0,480.0,7.53,8.0,94.17,Recommended Range,79.25,53.0,145.0,9114.0,,,,1855.0,6722.0,285.0,0.19791662499999998,29.22608695652174,275.95953585242484,15.972222222222221,True,False
6962181067,2016-05-12,3587,928,2.36999988555908,2.36999988555908,0.0,0,8,105,127,0.0,0.25,2.10999989509583,0.0,Thursday,5,May,113,2.35999989509583,High Activity,1.0,516.0,535.0,8.6,8.92,96.45,Recommended Range,75.72,60.0,117.0,4123.0,,,,925.0,3569.0,121.0,0.1680555,31.743362831858406,258.712015611932,7.847222222222222,True,False
7007744171,2016-04-12,14172,2937,10.289999961853,9.47999954223633,4.8697829246521,53,8,355,1024,4.5,0.379999995231628,5.40999984741211,0.0,Tuesday,4,April,416,10.289999842643738,High Activity,,,,,,,,96.43,70.0,151.0,5506.0,,,,2940.0,14172.0,530.0,0.36805554166666665,34.06730769230769,207.23962743437764,28.888888888888886,False,False
7007744171,2016-04-13,12862,2742,9.64999961853027,8.60000038146973,4.8513069152832,56,22,261,1101,4.6100001335144,0.560000002384186,4.48000001907349,0.0,Wednesday,4,April,339,9.650000154972076,High Activity,,,,,,,,93.01,70.0,144.0,5936.0,,,,2744.0,12862.0,473.0,0.32847220833333335,37.94100294985251,213.18612968434147,23.541666666666668,False,False
7007744171,2016-04-14,11179,2668,8.23999977111816,7.48000001907349,3.28541493415833,34,6,304,1096,2.95000004768372,0.340000003576279,4.96000003814697,0.0,Thursday,4,April,344,8.250000089406969,High Activity,,,,,,,,92.35,54.0,132.0,5982.0,,,,2670.0,11179.0,418.0,0.2902777916666667,32.497093023255815,238.66177654530816,23.88888888888889,False,False
7007744171,2016-04-15,5273,2098,3.52999997138977,3.52999997138977,0.0,0,0,202,1238,0.0,0.0,3.52999997138977,0.0,Friday,4,April,202,3.52999997138977,High Activity,,,,,,,,84.84,60.0,128.0,4249.0,,,,2099.0,5273.0,202.0,0.14027783333333335,26.103960396039604,397.87597193248627,14.027777777777779,False,False
7007744171,2016-04-16,4631,2076,3.09999990463257,3.09999990463257,0.0,0,0,203,1155,0.0,0.0,3.09999990463257,0.0,Saturday,4,April,203,3.09999990463257,High Activity,1.0,79.0,82.0,1.32,1.37,96.34,Very Short Sleep,79.95,61.0,129.0,5640.0,,,,2077.0,4631.0,203.0,0.14097216666666668,22.8128078817734,448.2833081407903,14.097222222222221,False,True
7007744171,2016-04-17,8059,2383,5.3899998664856,5.3899998664856,0.0,0,0,305,1135,0.0,0.0,5.3899998664856,0.0,Sunday,4,April,305,5.3899998664856,High Activity,,,,,,,,85.98,63.0,127.0,5369.0,,,,2383.0,8059.0,305.0,0.211805625,26.42295081967213,295.69425487033135,21.180555555555554,False,True
7007744171,2016-04-18,14816,2832,10.9799995422363,9.90999984741211,4.93055009841919,48,31,284,1077,3.78999996185303,2.11999988555908,5.05000019073486,0.0199999995529652,Monday,4,April,363,10.960000038146967,High Activity,,,,,,,,93.21,65.0,139.0,6137.0,,,,2834.0,14816.0,490.0,0.34027783333333333,40.815426997245176,191.14470842332614,25.208333333333332,False,False
7007744171,2016-04-19,14194,2812,10.4799995422363,9.5,4.94214200973511,53,17,304,1066,4.40999984741211,0.759999990463257,5.30999994277954,0.0,Tuesday,4,April,374,10.479999780654907,High Activity,,,,,,,,94.41,67.0,138.0,5737.0,,,,2812.0,14194.0,497.0,0.345138875,37.95187165775401,198.11187825841904,25.972222222222225,False,False
7007744171,2016-04-20,15566,3096,11.3100004196167,10.4099998474121,4.92484092712402,60,33,347,1000,4.78999996185303,0.670000016689301,5.8600001335144,0.0,Wednesday,4,April,440,11.320000112056732,High Activity,,,,,,,,96.8,70.0,151.0,5886.0,,,,3098.0,15566.0,593.0,0.4118054583333333,35.377272727272725,198.8950276243094,30.555555555555557,False,False
7007744171,2016-04-21,13744,2763,9.1899995803833,9.1899995803833,0.0,30,34,327,1049,2.15000009536743,1.87000000476837,5.17000007629395,0.0,Thursday,4,April,391,9.190000176429749,High Activity,,,,,,,,92.19,64.0,136.0,5820.0,,,,2765.0,13744.0,485.0,0.33680550000000004,35.150895140664964,201.03317811408616,27.152777777777775,False,False
7007744171,2016-04-22,15299,2889,10.2399997711182,10.2399997711182,0.0,64,50,261,1065,4.09999990463257,1.75999999046326,4.36999988555908,0.0,Friday,4,April,375,10.22999978065491,High Activity,,,,,,,,93.93,57.0,156.0,5825.0,,,,2891.0,15299.0,553.0,0.3840277916666666,40.797333333333334,188.83587162559644,26.041666666666668,False,False
7007744171,2016-04-23,8093,2284,5.40999984741211,5.40999984741211,0.0,2,25,223,1190,0.129999995231628,1.12999999523163,4.15000009536743,0.0,Saturday,4,April,250,5.410000085830688,High Activity,,,,,,,,93.29,66.0,135.0,3034.0,,,,2286.0,8093.0,279.0,0.19375,32.372,282.2192017793155,17.36111111111111,False,True
7007744171,2016-04-24,11085,2667,7.42000007629395,7.42000007629395,0.0,0,0,419,1021,0.0,0.0,7.42000007629395,0.0,Sunday,4,April,419,7.42000007629395,High Activity,,,,,,,,95.19,66.0,122.0,4138.0,,,,2667.0,11085.0,419.0,0.2909722083333333,26.455847255369928,240.595399188092,29.097222222222225,False,True
7007744171,2016-04-25,18229,3055,13.3400001525879,12.1999998092651,4.86179208755493,51,24,379,986,4.30999994277954,1.37000000476837,7.67000007629395,0.0,Monday,4,April,454,13.35000002384186,High Activity,,,,,,,,94.64,60.0,137.0,6193.0,,,,3055.0,18229.0,580.0,0.40277775,40.151982378854626,167.59010368094795,31.52777777777778,False,False
7007744171,2016-04-26,15090,2939,10.1000003814697,10.1000003814697,0.0,16,22,424,978,0.930000007152557,0.939999997615814,8.22999954223633,0.0,Tuesday,4,April,462,10.0999995470047,High Activity,,,,,,,,90.65,63.0,143.0,7129.0,,,,2939.0,15090.0,516.0,0.35833329166666666,32.66233766233766,194.76474486414844,32.083333333333336,False,False
7007744171,2016-04-27,13541,2830,10.2200002670288,9.0600004196167,4.88560485839844,50,12,337,1041,4.26999998092651,0.660000026226044,5.28999996185303,0.0,Wednesday,4,April,399,10.219999969005585,High Activity,,,,,,,,95.19,71.0,137.0,5761.0,,,,2831.0,13541.0,511.0,0.3548610833333334,33.93734335839599,208.99490436452257,27.708333333333336,False,False
7007744171,2016-04-28,15128,2836,10.1199998855591,10.1199998855591,0.0,16,16,401,1007,1.0900000333786,0.769999980926514,8.26000022888184,0.0,Thursday,4,April,433,10.120000243186954,High Activity,,,,,,,,89.45,58.0,152.0,6310.0,,,,2839.0,15128.0,481.0,0.3340277916666667,34.93764434180139,187.4669487043892,30.069444444444443,False,False
7007744171,2016-04-29,20067,3180,14.3000001907349,13.4200000762939,4.91114616394043,55,42,382,961,4.30999994277954,2.04999995231628,7.94999980926514,0.0,Friday,4,April,479,14.30999970436096,High Activity,,,,,,,,93.94,63.0,145.0,6555.0,,,,3183.0,20067.0,631.0,0.43819441666666664,41.89352818371608,158.4691284197937,33.263888888888886,False,False
7007744171,2016-04-30,3761,2051,2.51999998092651,2.51999998092651,0.0,0,0,200,1240,0.0,0.0,2.51999998092651,0.0,Saturday,4,April,200,2.51999998092651,High Activity,,,,,,,,80.32,61.0,124.0,5225.0,,,,2051.0,3761.0,200.0,0.13888883333333332,18.805,545.3336878489763,13.88888888888889,False,True
7007744171,2016-05-01,5600,2225,3.75,3.75,0.0,0,0,237,1142,0.0,0.0,3.75,0.0,Sunday,5,May,237,3.75,High Activity,1.0,58.0,61.0,0.97,1.02,95.08,Very Short Sleep,84.96,57.0,128.0,4655.0,,,,2228.0,5600.0,237.0,0.16458333333333333,23.628691983122362,397.3214285714286,16.458333333333332,False,True
7007744171,2016-05-02,13041,2642,9.18000030517578,8.72000026702881,2.83232593536377,64,14,250,1112,4.6399998664856,0.699999988079071,3.82999992370605,0.0,Monday,5,May,328,9.16999977827072,High Activity,,,,,,,,86.11,58.0,147.0,5761.0,,,,2642.0,13041.0,470.0,0.32638883333333335,39.75914634146341,202.59182578023157,22.77777777777778,False,False
7007744171,2016-05-03,14510,2976,10.8699998855591,9.71000003814697,4.91236782073975,58,31,330,1021,4.48000001907349,1.01999998092651,5.3600001335144,0.0,Tuesday,5,May,419,10.8600001335144,High Activity,,,,,,,,93.36,65.0,138.0,6039.0,,,,2980.0,14510.0,566.0,0.39305558333333335,34.630071599045344,205.0999310820124,29.097222222222225,False,False
7007744171,2016-05-04,0,1557,0.0,0.0,0.0,0,0,0,1440,0.0,0.0,0.0,0.0,Wednesday,5,May,0,0.0,Sedentary,,,,,,,,,,,,,,,1560.0,0.0,0.0,0.0,,,0.0,False,False
7007744171,2016-05-05,15010,2933,11.1000003814697,10.039999961853,4.8782320022583,53,23,317,1047,4.32999992370605,1.28999996185303,5.48000001907349,0.0,Thursday,5,May,393,11.09999990463257,High Activity,,,,,,,,97.9,70.0,133.0,4825.0,,,,2935.0,15010.0,522.0,0.36249991666666664,38.19338422391858,195.40306462358427,27.291666666666664,False,False
7007744171,2016-05-06,11459,2553,7.67000007629395,7.67000007629395,0.0,44,13,247,1136,3.0,0.810000002384186,3.85999989509583,0.0,Friday,5,May,304,7.669999897480016,High Activity,,,,,,,,87.15,62.0,166.0,5880.0,,,,2555.0,11459.0,405.0,0.2812500416666667,37.69407894736842,222.7943101492277,21.11111111111111,False,False
7007744171,2016-05-07,0,120,0.0,0.0,0.0,0,0,0,111,0.0,0.0,0.0,0.0,Saturday,5,May,0,0.0,Sedentary,,,,,,,,,,,,,,,65.0,0.0,0.0,0.0,,,0.0,False,True
7086361926,2016-04-12,11317,2772,8.40999984741211,8.40999984741211,0.0,59,6,153,745,5.26999998092651,0.150000005960464,2.97000002861023,0.0,Tuesday,4,April,218,8.390000015497204,High Activity,1.0,514.0,525.0,8.57,8.75,97.9,Recommended Range,,,,,,,,2773.0,11309.0,342.0,0.23749995833333334,51.91284403669725,244.94123884421666,15.138888888888888,True,False
7086361926,2016-04-13,5813,2516,3.61999988555908,3.61999988555908,0.0,31,26,155,744,0.560000002384186,0.209999993443489,2.83999991416931,0.0,Wednesday,4,April,212,3.609999909996985,High Activity,1.0,451.0,465.0,7.52,7.75,96.99,Recommended Range,,,,,,,,2517.0,5813.0,300.0,0.20833337500000002,27.419811320754718,432.822982969207,14.722222222222223,True,False
7086361926,2016-04-14,9123,2734,6.11999988555908,6.11999988555908,0.0,35,32,189,787,2.02999997138977,0.330000013113022,3.66000008583069,0.0,Thursday,4,April,256,6.020000070333482,High Activity,1.0,472.0,476.0,7.87,7.93,99.16,Recommended Range,,,,,,,,2729.0,8998.0,358.0,0.2486112083333333,35.63671875,299.6821221089554,17.77777777777778,True,False
7086361926,2016-04-15,8585,2395,5.67000007629395,5.67000007629395,0.0,30,21,139,864,2.03999996185303,1.11000001430511,2.52999997138977,0.0,Friday,4,April,190,5.679999947547911,High Activity,1.0,377.0,386.0,6.28,6.43,97.67,Short Sleep,,,,,,,,2396.0,8585.0,271.0,0.18819445833333334,45.18421052631579,278.9749563191613,13.194444444444445,False,False
7086361926,2016-04-16,31,1635,0.0099999997764825,0.0099999997764825,0.0,0,0,3,1437,0.0,0.0,0.0099999997764825,0.0,Saturday,4,April,3,0.0099999997764825,Low Activity,,,,,,,,,,,,,,,1637.0,31.0,3.0,0.0020833333333333333,10.333333333333334,52741.93548387097,0.20833333333333334,False,True
7086361926,2016-04-17,0,1629,0.0,0.0,0.0,0,0,0,1440,0.0,0.0,0.0,0.0,Sunday,4,April,0,0.0,Sedentary,,,,,,,,,,,,,,,1632.0,0.0,0.0,0.0,,,0.0,False,True
7086361926,2016-04-18,9827,2743,6.71000003814697,6.71000003814697,0.0,61,51,114,1136,3.17000007629395,1.22000002861023,2.30999994277954,0.0,Monday,4,April,226,6.70000004768372,High Activity,,,,,,,,,,,,,,,2744.0,9827.0,399.0,0.27708333333333335,43.482300884955755,279.1289304976086,15.694444444444445,False,False
7086361926,2016-04-19,10688,2944,7.28999996185303,7.28999996185303,0.0,67,69,124,671,3.52999997138977,1.23000001907349,2.50999999046326,0.0,Tuesday,4,April,260,7.269999980926521,High Activity,1.0,472.0,483.0,7.87,8.05,97.72,Recommended Range,,,,,,,,2945.0,10688.0,463.0,0.32152775,41.10769230769231,275.44910179640715,18.055555555555554,True,False
7086361926,2016-04-20,14365,2997,10.6400003433228,10.6400003433228,0.0,87,13,145,797,7.6399998664856,0.449999988079071,2.53999996185303,0.0,Wednesday,4,April,245,10.6299998164177,High Activity,1.0,492.0,502.0,8.2,8.37,98.01,Recommended Range,,,,,,,,2997.0,14365.0,432.0,0.30000004166666666,58.63265306122449,208.63209189001043,17.01388888888889,True,False
7086361926,2016-04-21,9469,2463,6.17999982833862,6.17999982833862,0.0,19,6,206,758,1.36000001430511,0.300000011920929,4.51000022888184,0.0,Thursday,4,April,231,6.17000025510788,High Activity,1.0,390.0,411.0,6.5,6.85,94.89,Short Sleep,,,,,,,,2465.0,9469.0,275.0,0.19097224999999998,40.99134199134199,260.11194423909603,16.041666666666668,False,False
7086361926,2016-04-22,9753,2846,6.53000020980835,6.53000020980835,0.0,58,59,153,762,2.86999988555908,0.970000028610229,2.67000007629395,0.0,Friday,4,April,270,6.509999990463259,High Activity,1.0,428.0,448.0,7.13,7.47,95.54,Recommended Range,,,,,,,,2842.0,9733.0,445.0,0.30902779166666666,36.12222222222222,291.80764892853483,18.75,True,False
7086361926,2016-04-23,2817,1965,1.80999994277954,1.80999994277954,0.0,0,0,90,1350,0.0,0.0,1.79999995231628,0.0,Saturday,4,April,90,1.79999995231628,High Activity,,,,,,,,,,,,,,,1966.0,2811.0,90.0,0.062499958333333334,31.3,697.5505857294994,6.25,False,True
7086361926,2016-04-24,3520,2049,2.16000008583069,2.16000008583069,0.0,0,0,125,566,0.0,0.0,2.15000009536743,0.0,Sunday,4,April,125,2.15000009536743,High Activity,1.0,681.0,704.0,11.35,11.73,96.73,Long Sleep,,,,,,,,2048.0,3520.0,125.0,0.086805625,28.16,582.1022727272727,8.680555555555555,True,True
7086361926,2016-04-25,10091,2752,6.82000017166138,6.82000017166138,0.0,69,39,129,706,3.75,0.699999988079071,2.36999988555908,0.0,Monday,4,April,237,6.819999873638151,High Activity,1.0,446.0,447.0,7.43,7.45,99.78,Recommended Range,,,,,,,,2754.0,10091.0,414.0,0.28750004166666665,42.57805907172996,272.71826379942524,16.458333333333332,True,False
7086361926,2016-04-26,10387,2781,7.07000017166138,7.07000017166138,0.0,70,33,132,726,4.15999984741211,0.769999980926514,2.11999988555908,0.0,Tuesday,4,April,235,7.049999713897703,High Activity,1.0,485.0,500.0,8.08,8.33,97.0,Recommended Range,,,,,,,,2780.0,10378.0,408.0,0.28333345833333334,44.2,267.73851930297485,16.319444444444446,True,False
7086361926,2016-04-27,11107,2693,8.34000015258789,8.34000015258789,0.0,55,6,145,829,5.63000011444092,0.180000007152557,2.52999997138977,0.0,Wednesday,4,April,206,8.340000092983248,High Activity,1.0,469.0,479.0,7.82,7.98,97.91,Recommended Range,,,,,,,,2693.0,11107.0,322.0,0.22361112500000002,53.91747572815534,242.45971009273433,14.305555555555555,True,False
7086361926,2016-04-28,11584,2862,7.80000019073486,7.80000019073486,0.0,54,48,161,810,2.78999996185303,1.63999998569489,3.35999989509583,0.0,Thursday,4,April,263,7.78999984264375,High Activity,1.0,354.0,367.0,5.9,6.12,96.46,Short Sleep,,,,,,,,2858.0,11575.0,419.0,0.29097216666666664,44.045627376425855,247.06491712707182,18.26388888888889,False,False
7086361926,2016-04-29,7881,2616,4.94999980926514,4.94999980926514,0.0,24,36,182,1198,0.490000009536743,0.449999988079071,4.0,0.0,Friday,4,April,242,4.939999997615814,High Activity,,,,,,,,,,,,,,,2615.0,7881.0,326.0,0.2263889166666667,32.56611570247934,331.93757137419107,16.805555555555557,False,False
7086361926,2016-04-30,14560,2995,9.40999984741211,9.40999984741211,0.0,42,17,308,584,3.11999988555908,1.03999996185303,5.23999977111816,0.0,Saturday,4,April,367,9.39999961853027,High Activity,1.0,485.0,489.0,8.08,8.15,99.18,Recommended Range,,,,,,,,2997.0,14560.0,468.0,0.32499991666666667,39.67302452316076,205.70054945054943,25.48611111111111,True,True
7086361926,2016-05-01,12390,2730,8.06999969482422,8.06999969482422,0.0,30,15,258,685,2.29999995231628,0.899999976158142,4.84999990463257,0.0,Sunday,5,May,303,8.049999833106993,High Activity,1.0,388.0,407.0,6.47,6.78,95.33,Short Sleep,,,,,,,,2727.0,12375.0,378.0,0.2625000416666667,40.89108910891089,220.33898305084745,21.041666666666668,False,True
7086361926,2016-05-02,10052,2754,6.80999994277954,6.80999994277954,0.0,66,26,139,737,3.48000001907349,0.660000026226044,2.66000008583069,0.0,Monday,5,May,231,6.800000131130224,High Activity,1.0,440.0,459.0,7.33,7.65,95.86,Recommended Range,,,,,,,,2757.0,10052.0,389.0,0.27013883333333333,43.515151515151516,273.97532829287707,16.041666666666668,True,False
7086361926,2016-05-03,10288,2754,6.76000022888184,6.76000022888184,0.0,57,36,152,761,2.74000000953674,0.850000023841858,3.16000008583069,0.0,Tuesday,5,May,245,6.750000119209288,High Activity,1.0,456.0,461.0,7.6,7.68,98.92,Recommended Range,,,,,,,,2755.0,10288.0,395.0,0.2743055833333333,41.99183673469388,267.6905132192846,17.01388888888889,True,False
7086361926,2016-05-04,10988,2655,8.3100004196167,8.3100004196167,0.0,45,12,135,843,5.28000020980835,0.119999997317791,2.90000009536743,0.0,Wednesday,5,May,192,8.30000030249357,High Activity,1.0,420.0,436.0,7.0,7.27,96.33,Recommended Range,,,,,,,,2655.0,10988.0,294.0,0.2041666666666667,57.229166666666664,241.6272297051329,13.333333333333334,True,False
7086361926,2016-05-05,8564,2386,5.59999990463257,5.59999990463257,0.0,24,14,149,1253,1.77999997138977,0.829999983310699,2.95000004768372,0.0,Thursday,5,May,187,5.560000002384189,High Activity,,,,,,,,,,,,,,,2382.0,8525.0,249.0,0.17291674999999998,45.79679144385027,278.60812704343766,12.986111111111112,False,False
7086361926,2016-05-06,12461,2924,8.38000011444092,8.38000011444092,0.0,84,35,154,834,3.8199999332428,1.42999994754791,3.11999988555908,0.0,Friday,5,May,273,8.36999976634979,High Activity,1.0,322.0,333.0,5.37,5.55,96.7,Short Sleep,,,,,,,,2924.0,12461.0,476.0,0.3305555833333333,45.64468864468864,234.65211459754434,18.958333333333332,False,False
7086361926,2016-05-07,12827,2739,8.47999954223633,8.47999954223633,0.0,20,42,209,621,1.46000003814697,2.32999992370605,4.67999982833862,0.0,Saturday,5,May,271,8.46999979019164,High Activity,1.0,530.0,548.0,8.83,9.13,96.72,Recommended Range,,,,,,,,2738.0,12827.0,353.0,0.24513891666666665,47.33210332103321,213.5339518203789,18.819444444444443,True,True
7086361926,2016-05-08,10677,2534,7.09999990463257,7.09999990463257,0.0,32,27,147,695,2.30999994277954,1.52999997138977,3.25,0.0,Sunday,5,May,206,7.08999991416931,High Activity,1.0,481.0,510.0,8.02,8.5,94.31,Recommended Range,,,,,,,,2532.0,10677.0,297.0,0.20624991666666667,51.83009708737864,237.33258405919267,14.305555555555555,True,True
7086361926,2016-05-09,13566,2960,9.10999965667725,9.10999965667725,0.0,67,50,171,743,4.26000022888184,1.71000003814697,3.11999988555908,0.0,Monday,5,May,288,9.09000015258789,High Activity,1.0,427.0,438.0,7.12,7.3,97.49,Recommended Range,,,,,,,,2958.0,13558.0,472.0,0.32777775,47.104166666666664,218.19254017396432,20.0,True,False
7086361926,2016-05-10,14433,2800,10.789999961853,10.789999961853,0.0,72,23,106,1182,7.1100001335144,1.20000004768372,2.45000004768372,0.0,Tuesday,5,May,201,10.76000022888184,High Activity,,,,,,,,,,,,,,,2795.0,14407.0,368.0,0.255555625,71.80597014925372,193.9998614286704,13.958333333333334,False,False
7086361926,2016-05-11,9572,2735,6.51999998092651,6.51999998092651,0.0,57,40,128,757,2.89000010490417,1.38999998569489,2.23000001907349,0.0,Wednesday,5,May,225,6.51000010967255,High Activity,1.0,451.0,463.0,7.52,7.72,97.41,Recommended Range,,,,,,,,2735.0,9572.0,379.0,0.26319441666666665,42.54222222222222,285.7292101964062,15.625,True,False
7086361926,2016-05-12,3789,1199,2.55999994277954,2.55999994277954,0.0,5,4,58,343,0.379999995231628,0.270000010728836,1.88999998569489,0.0,Thursday,5,May,67,2.539999991655354,High Activity,1.0,444.0,457.0,7.4,7.62,97.16,Recommended Range,,,,,,,,995.0,1032.0,32.0,0.041025692307692305,56.55223880597015,316.44233306941146,4.652777777777778,True,False
8053475328,2016-04-12,18060,3186,14.1199998855591,14.1199998855591,0.0,116,8,123,1193,11.6400003433228,0.389999985694885,2.09999990463257,0.0,Tuesday,4,April,247,14.130000233650255,High Activity,,,,,,,,,,,,,,,3186.0,18060.0,487.0,0.33819445833333334,73.11740890688259,176.41196013289039,17.15277777777778,False,False
8053475328,2016-04-13,16433,3140,13.3500003814697,13.3500003814697,0.0,95,12,156,1177,10.4300003051758,0.469999998807907,2.45000004768372,0.0,Wednesday,4,April,263,13.350000351667427,High Activity,,,,,,,,,,,,,,,3140.0,16433.0,465.0,0.32291675000000003,62.4828897338403,191.07892655023429,18.26388888888889,False,False
8053475328,2016-04-14,20159,3411,15.9700002670288,15.9700002670288,0.0,119,5,193,1123,12.3400001525879,0.209999993443489,3.35999989509583,0.0,Thursday,4,April,317,15.91000004112722,High Activity,,,,,,,,,,,,,,,3407.0,20089.0,560.0,0.38888887499999997,63.59305993690852,169.20482166774147,22.01388888888889,False,False
8053475328,2016-04-15,20669,3410,16.2399997711182,16.2399997711182,0.0,132,8,158,1142,13.2600002288818,0.389999985694885,2.58999991416931,0.0,Friday,4,April,298,16.240000128745997,High Activity,,,,,,,,,,,,,,,3410.0,20669.0,570.0,0.3958333333333333,69.35906040268456,164.98137307078233,20.694444444444443,False,False
8053475328,2016-04-16,14549,2867,11.1099996566772,11.1099996566772,0.0,96,6,83,1255,9.35999965667725,0.270000010728836,1.49000000953674,0.0,Saturday,4,April,185,11.119999676942824,High Activity,,,,,,,,,,,,,,,2868.0,14549.0,383.0,0.2659722083333333,78.64324324324325,197.05821705959173,12.847222222222221,False,True
8053475328,2016-04-17,18827,3213,13.6899995803833,13.6899995803833,0.0,111,21,195,1113,9.23999977111816,0.800000011920929,3.64000010490417,0.0,Sunday,4,April,327,13.67999988794326,High Activity,,,,,,,,,,,,,,,3211.0,18827.0,570.0,0.3958333333333333,57.57492354740061,170.6591597174271,22.708333333333332,False,True
8053475328,2016-04-18,17076,3133,12.6599998474121,12.6599998474121,0.0,102,6,195,1137,9.07999992370605,0.230000004172325,3.34999990463257,0.0,Monday,4,April,303,12.659999832510945,High Activity,,,,,,,,,,,,,,,3134.0,17076.0,513.0,0.35624995833333334,56.35643564356435,183.4738814710705,21.041666666666668,False,False
8053475328,2016-04-19,15929,3114,12.4799995422363,12.4799995422363,0.0,90,7,191,1152,9.22000026702881,0.310000002384186,2.95000004768372,0.0,Tuesday,4,April,288,12.480000317096716,High Activity,,,,,,,,,,,,,,,3112.0,15929.0,475.0,0.32986116666666665,55.30902777777778,195.49249795969615,20.0,False,False
8053475328,2016-04-20,15108,3043,12.1899995803833,12.1899995803833,0.0,89,5,158,695,9.57999992370605,0.230000004172325,2.38000011444092,0.0,Wednesday,4,April,252,12.190000042319294,High Activity,1.0,486.0,493.0,8.1,8.22,98.58,Recommended Range,,,,,,,,3044.0,15108.0,435.0,0.30208324999999997,59.95238095238095,201.41646809637277,17.5,True,False
8053475328,2016-04-21,16057,3103,12.5100002288818,12.5100002288818,0.0,100,6,170,1164,9.67000007629395,0.25,2.57999992370605,0.0,Thursday,4,April,276,12.5,High Activity,,,,,,,,,,,,,,,3103.0,16049.0,482.0,0.3347222916666666,58.177536231884055,193.24905025845428,19.166666666666668,False,False
8053475328,2016-04-22,10520,2655,8.28999996185303,8.28999996185303,0.0,60,3,117,1260,6.26000022888184,0.150000005960464,1.87999999523163,0.0,Friday,4,April,180,8.290000230073934,High Activity,,,,,,,,,,,,,,,2655.0,10520.0,303.0,0.210416625,58.44444444444444,252.37642585551333,12.5,False,False
8053475328,2016-04-23,22359,3554,17.1900005340576,17.1900005340576,0.0,125,14,223,741,12.539999961853,0.629999995231628,4.01999998092651,0.0,Saturday,4,April,362,17.18999993801114,High Activity,1.0,331.0,337.0,5.52,5.62,98.22,Short Sleep,,,,,,,,3555.0,22359.0,626.0,0.43472225000000003,61.76519337016575,158.95165257838005,25.13888888888889,False,True
8053475328,2016-04-24,22988,3577,17.9500007629395,17.9500007629395,0.0,129,33,182,1096,13.1300001144409,1.54999995231628,3.25999999046326,0.0,Sunday,4,April,344,17.94000005722044,High Activity,,,,,,,,,,,,,,,3575.0,22988.0,635.0,0.44097216666666667,66.82558139534883,155.6029232643118,23.88888888888889,False,True
8053475328,2016-04-25,20500,3403,15.6899995803833,15.6899995803833,0.0,118,9,209,1104,11.3699998855591,0.46000000834465,3.85999989509583,0.0,Monday,4,April,336,15.68999978899958,High Activity,,,,,,,,,,,,,,,3402.0,20500.0,581.0,0.40347225000000003,61.01190476190476,166.0,23.333333333333332,False,False
8053475328,2016-04-26,12685,2846,9.61999988555908,9.61999988555908,0.0,68,5,185,1182,6.30999994277954,0.200000002980232,3.09999990463257,0.0,Tuesday,4,April,258,9.609999850392342,High Activity,,,,,,,,,,,,,,,2846.0,12685.0,399.0,0.277083375,49.166666666666664,224.35947970043358,17.916666666666668,False,False
8053475328,2016-04-27,12422,2852,9.81999969482422,9.81999969482422,0.0,60,10,183,1187,6.46000003814697,0.430000007152557,2.9300000667572,0.0,Wednesday,4,April,253,9.820000112056729,High Activity,,,,,,,,,,,,,,,2850.0,12422.0,383.0,0.2659722083333333,49.098814229249015,229.5926581870874,17.569444444444443,False,False
8053475328,2016-04-28,15447,3062,12.3999996185303,12.3999996185303,0.0,90,9,153,1188,9.67000007629395,0.389999985694885,2.34999990463257,0.0,Thursday,4,April,252,12.409999966621406,High Activity,,,,,,,,,,,,,,,3062.0,15447.0,441.0,0.30624995833333335,61.29761904761905,198.22619278824368,17.5,False,False
8053475328,2016-04-29,12315,2794,9.64999961853027,9.64999961853027,0.0,58,8,159,1215,6.17000007629395,0.310000002384186,3.17000007629395,0.0,Friday,4,April,225,9.650000154972084,High Activity,,,,,,,,,,,,,,,2793.0,12315.0,349.0,0.24236112499999998,54.733333333333334,226.87779131140886,15.625,False,False
8053475328,2016-04-30,7135,2408,5.59000015258789,5.59000015258789,0.0,27,1,131,1281,2.99000000953674,0.0599999986588955,2.53999996185303,0.0,Saturday,4,April,159,5.589999970048666,High Activity,,,,,,,,,,,,,,,2408.0,7135.0,214.0,0.1486110833333333,44.874213836477985,337.4912403644008,11.041666666666666,False,True
8053475328,2016-05-01,1170,1886,0.850000023841858,0.850000023841858,0.0,0,0,51,1389,0.0,0.0,0.850000023841858,0.0,Sunday,5,May,51,0.850000023841858,Moderate Activity,,,,,,,,,,,,,,,1885.0,1170.0,51.0,0.035416666666666666,22.941176470588236,1611.965811965812,3.5416666666666665,False,True
8053475328,2016-05-02,1969,1988,1.42999994754791,1.42999994754791,0.0,0,0,95,1345,0.0,0.0,1.42999994754791,0.0,Monday,5,May,95,1.42999994754791,High Activity,,,,,,,,,,,,,,,1992.0,1969.0,95.0,0.06597225,20.726315789473684,1009.6495683087861,6.597222222222222,False,False
8053475328,2016-05-03,15484,3023,11.8999996185303,11.8999996185303,0.0,87,22,165,1166,8.39000034332275,0.930000007152557,2.58999991416931,0.0,Tuesday,5,May,274,11.910000264644616,High Activity,,,,,,,,,,,,,,,3022.0,15484.0,470.0,0.32638891666666664,56.51094890510949,195.23378971841902,19.02777777777778,False,False
8053475328,2016-05-04,14581,2918,11.1499996185303,11.1499996185303,0.0,89,8,123,1220,8.81999969482422,0.400000005960464,1.9099999666214,0.0,Wednesday,5,May,220,11.129999667406086,High Activity,,,,,,,,,,,,,,,2916.0,14563.0,406.0,0.2819444583333333,66.27727272727273,200.1234483231603,15.277777777777779,False,False
8053475328,2016-05-05,14990,2950,11.5100002288818,11.5100002288818,0.0,93,9,130,1208,8.85000038146973,0.449999988079071,2.21000003814697,0.0,Thursday,5,May,232,11.51000040769577,High Activity,,,,,,,,,,,,,,,2954.0,14990.0,427.0,0.29652770833333336,64.61206896551724,196.79786524349566,16.11111111111111,False,False
8053475328,2016-05-06,13953,2859,11.0,11.0,0.0,90,15,90,1245,9.10000038146973,0.689999997615814,1.21000003814697,0.0,Friday,5,May,195,11.000000417232512,High Activity,,,,,,,,,,,,,,,2864.0,13953.0,390.0,0.27083329166666664,71.55384615384615,204.90217157600517,13.541666666666666,False,False
8053475328,2016-05-07,19769,3331,15.6700000762939,15.6700000762939,0.0,121,20,148,1076,12.4399995803833,0.879999995231628,2.34999990463257,0.0,Saturday,5,May,289,15.6699994802475,High Activity,1.0,74.0,75.0,1.23,1.25,98.67,Very Short Sleep,,,,,,,,3332.0,19769.0,551.0,0.3826388333333333,68.40484429065744,168.49613030502303,20.069444444444446,False,True
8053475328,2016-05-08,22026,3589,17.6499996185303,17.6499996185303,0.0,125,14,228,1073,13.3999996185303,0.589999973773956,3.66000008583069,0.0,Sunday,5,May,367,17.649999678134947,High Activity,,,,,,,,,,,,,,,3591.0,22026.0,631.0,0.4381944583333333,60.01634877384196,162.9437936983565,25.48611111111111,False,True
8053475328,2016-05-09,12465,2765,9.38000011444092,9.38000011444092,0.0,66,12,148,1214,6.11999988555908,0.569999992847443,2.69000005722046,0.0,Monday,5,May,226,9.379999935626984,High Activity,,,,,,,,,,,,,,,2767.0,12465.0,370.0,0.25694445833333335,55.15486725663717,221.82109907741676,15.694444444444445,False,False
8053475328,2016-05-10,14810,2926,11.3599996566772,11.3599996566772,0.0,96,10,115,1219,9.09000015258789,0.419999986886978,1.85000002384186,0.0,Tuesday,5,May,221,11.360000163316728,High Activity,,,,,,,,,,,,,,,2928.0,14810.0,423.0,0.29375,67.01357466063348,197.5692099932478,15.347222222222223,False,False
8053475328,2016-05-11,12209,2809,9.39999961853027,9.39999961853027,0.0,60,7,184,1189,6.07999992370605,0.280000001192093,3.03999996185303,0.0,Wednesday,5,May,251,9.399999886751171,High Activity,,,,,,,,,,,,,,,2811.0,12209.0,378.0,0.2625000416666667,48.64143426294821,230.0761733147678,17.430555555555554,False,False
8053475328,2016-05-12,4998,1505,3.91000008583069,3.91000008583069,0.0,28,4,39,839,2.95000004768372,0.200000002980232,0.759999990463257,0.0,Thursday,5,May,71,3.910000041127208,High Activity,,,,,,,,,,,,,,,1487.0,4895.0,130.0,0.14444439999999997,70.3943661971831,301.1204481792717,4.930555555555555,False,False
8253242879,2016-04-12,9033,2044,7.15999984741211,7.15999984741211,0.0,40,2,154,1244,5.42999982833862,0.140000000596046,1.5900000333786,0.0,Tuesday,4,April,196,7.159999862313266,High Activity,,,,,,,,,,,,,,,2039.0,9033.0,278.0,0.19305550000000002,46.08673469387755,226.28141259825088,13.61111111111111,False,False
8253242879,2016-04-13,8053,1935,6.09999990463257,6.09999990463257,0.0,35,11,96,1298,4.17000007629395,0.629999995231628,1.30999994277954,0.0,Wednesday,4,April,142,6.110000014305117,High Activity,,,,,,,,,,,,,,,1930.0,8053.0,223.0,0.15486108333333334,56.7112676056338,240.2831243015025,9.86111111111111,False,False
8253242879,2016-04-14,5234,1705,3.46000003814697,3.46000003814697,0.0,29,16,33,1362,1.92999994754791,0.990000009536743,0.540000021457672,0.0,Thursday,4,April,78,3.459999978542325,High Activity,,,,,,,,,,,,,,,1695.0,5234.0,152.0,0.10555554166666666,67.1025641025641,325.7546809323653,5.416666666666667,False,False
8253242879,2016-04-15,2672,1632,1.76999998092651,1.76999998092651,0.0,0,0,105,1335,0.0,0.0,1.75999999046326,0.0,Friday,4,April,105,1.75999999046326,High Activity,,,,,,,,,,,,,,,1626.0,2672.0,105.0,0.07291666666666667,25.447619047619046,610.7784431137724,7.291666666666667,False,False
8253242879,2016-04-16,9256,1880,6.1399998664856,6.1399998664856,0.0,6,51,115,1268,0.430000007152557,3.26999998092651,2.45000004768372,0.0,Saturday,4,April,172,6.150000035762787,High Activity,,,,,,,,,,,,,,,1876.0,9256.0,235.0,0.16319441666666668,53.81395348837209,203.1114952463267,11.944444444444445,False,True
8253242879,2016-04-17,10204,2112,7.90999984741211,7.90999984741211,0.0,41,5,157,1237,5.42999982833862,0.150000005960464,2.32999992370605,0.0,Sunday,4,April,203,7.909999758005133,High Activity,,,,,,,,,,,,,,,2108.0,10204.0,290.0,0.20138883333333332,50.26600985221675,206.97765582124654,14.097222222222221,False,True
8253242879,2016-04-18,5151,1829,3.48000001907349,3.48000001907349,0.0,16,16,130,1278,1.03999996185303,0.629999995231628,1.79999995231628,0.0,Monday,4,April,162,3.469999909400938,High Activity,,,,,,,,,,,,,,,1824.0,5151.0,210.0,0.14583337500000002,31.796296296296298,355.07668413900217,11.25,False,False
8253242879,2016-04-19,4212,1763,2.77999997138977,2.77999997138977,0.0,0,0,164,1276,0.0,0.0,2.77999997138977,0.0,Tuesday,4,April,164,2.77999997138977,High Activity,,,,,,,,,,,,,,,1760.0,4212.0,164.0,0.11388891666666667,25.682926829268293,418.5660018993353,11.38888888888889,False,False
8253242879,2016-04-20,6466,1931,4.26999998092651,4.26999998092651,0.0,5,18,216,1201,0.330000013113022,0.819999992847443,3.10999989509583,0.0099999997764825,Wednesday,4,April,239,4.259999901056295,High Activity,,,,,,,,,,,,,,,1927.0,6466.0,267.0,0.18541670833333335,27.05439330543933,298.63903495205693,16.59722222222222,False,False
8253242879,2016-04-21,11268,2218,8.5600004196167,8.5600004196167,0.0,49,20,172,1199,5.88000011444092,0.930000007152557,1.75,0.0,Thursday,4,April,241,8.560000121593477,High Activity,,,,,,,,,,,,,,,2214.0,11268.0,359.0,0.24930558333333333,46.7551867219917,196.84061057862974,16.73611111111111,False,False
8253242879,2016-04-22,2824,1651,1.87000000476837,1.87000000476837,0.0,0,0,120,1320,0.0,0.0,1.87000000476837,0.0,Friday,4,April,120,1.87000000476837,High Activity,,,,,,,,,,,,,,,1644.0,2824.0,120.0,0.08333329166666667,23.533333333333335,584.6317280453258,8.333333333333332,False,False
8253242879,2016-04-23,9282,2132,6.26000022888184,6.26000022888184,0.0,30,26,191,1193,2.08999991416931,1.03999996185303,3.13000011444092,0.0,Saturday,4,April,247,6.25999999046326,High Activity,,,,,,,,,,,,,,,2129.0,9282.0,333.0,0.23124999999999998,37.578947368421055,229.6918767507003,17.15277777777778,False,True
8253242879,2016-04-24,8905,1976,7.13000011444092,7.13000011444092,0.0,41,4,82,1313,5.59999990463257,0.189999997615814,1.3400000333786,0.0,Sunday,4,April,127,7.1299999356269845,High Activity,,,,,,,,,,,,,,,1972.0,8905.0,213.0,0.14791666666666667,70.11811023622047,221.89781021897812,8.819444444444445,False,True
8253242879,2016-04-25,6829,1909,4.51000022888184,4.51000022888184,0.0,7,54,118,1261,0.360000014305115,2.39000010490417,1.76999998092651,0.0,Monday,4,April,179,4.520000100135795,High Activity,,,,,,,,,,,,,,,1903.0,6829.0,247.0,0.17152783333333332,38.150837988826815,279.54312490847855,12.430555555555555,False,False
8253242879,2016-04-26,4562,1813,3.03999996185303,3.03999996185303,0.0,19,14,108,1299,1.17999994754791,0.490000009536743,1.37000000476837,0.0,Tuesday,4,April,141,3.039999961853023,High Activity,,,,,,,,,,,,,,,1809.0,4562.0,193.0,0.13402779166666667,32.354609929078016,397.4134151687856,9.791666666666666,False,False
8253242879,2016-04-27,10232,2008,8.18000030517578,8.18000030517578,0.0,45,5,104,1286,6.23999977111816,0.230000004172325,1.70000004768372,0.0,Wednesday,4,April,154,8.169999822974205,High Activity,,,,,,,,,,,,,,,2005.0,10232.0,249.0,0.1729167083333333,66.44155844155844,196.24706802189212,10.694444444444445,False,False
8253242879,2016-04-28,2718,1580,1.79999995231628,1.79999995231628,0.0,11,16,20,1393,0.670000016689301,0.779999971389771,0.340000003576279,0.0,Thursday,4,April,47,1.789999991655351,Moderate Activity,,,,,,,,,,,,,,,1570.0,2718.0,85.0,0.05902779166666667,57.829787234042556,581.3097866077999,3.2638888888888893,False,False
8253242879,2016-04-29,6260,1854,4.26000022888184,4.26000022888184,0.0,16,14,136,1257,1.28999996185303,0.540000021457672,2.40000009536743,0.0,Friday,4,April,166,4.230000078678132,High Activity,,,,,,,,,,,,,,,1781.0,5937.0,202.0,0.14637678260869566,37.71084337349398,296.1661341853035,11.527777777777779,False,False
8253242879,2016-04-30,0,0,0.0,0.0,0.0,0,0,0,1440,0.0,0.0,0.0,0.0,Saturday,4,April,0,0.0,Sedentary,,,,,,,,,,,,,,,,,,,,,0.0,False,True
8378563200,2016-04-12,7626,3635,6.05000019073486,6.05000019073486,2.25308108329773,65,15,156,723,0.829999983310699,0.709999978542328,4.5,0.0,Tuesday,4,April,236,6.039999961853027,High Activity,1.0,338.0,356.0,5.63,5.93,94.94,Short Sleep,,,,,,,,3636.0,7626.0,381.0,0.264583375,32.313559322033896,476.65879884605295,16.38888888888889,False,False
8378563200,2016-04-13,12386,4079,9.81999969482422,9.81999969482422,2.0921471118927,116,14,169,680,4.96000003814697,0.649999976158142,4.21000003814697,0.0,Wednesday,4,April,299,9.820000052452082,High Activity,2.0,447.0,487.0,7.45,8.12,91.79,Recommended Range,,,,,,,,4080.0,12386.0,545.0,0.37847216666666667,41.424749163879596,329.32342967866947,20.76388888888889,True,False
8378563200,2016-04-14,13318,4163,10.5600004196167,10.5600004196167,2.25308108329773,123,21,174,699,5.61999988555908,1.02999997138977,3.91000008583069,0.0,Thursday,4,April,318,10.55999994277954,High Activity,1.0,424.0,455.0,7.07,7.58,93.19,Recommended Range,,,,,,,,4164.0,13318.0,585.0,0.40625,41.880503144654085,312.58447214296444,22.083333333333332,True,False
8378563200,2016-04-15,14461,3666,11.4700002670288,11.4700002670288,0.0,60,23,190,729,4.90999984741211,1.14999997615814,5.40999984741211,0.0,Friday,4,April,273,11.46999967098236,High Activity,1.0,513.0,533.0,8.55,8.88,96.25,Recommended Range,,,,,,,,3655.0,14461.0,416.0,0.28888891666666666,52.97069597069597,253.5094391812461,18.958333333333332,True,False
8378563200,2016-04-16,11207,3363,8.89000034332275,8.89000034332275,0.0,64,21,142,563,5.36999988555908,1.07000005245209,2.44000005722046,0.0,Saturday,4,April,227,8.87999999523163,High Activity,2.0,611.0,689.0,10.18,11.48,88.68,Long Sleep,,,,,,,,3362.0,11196.0,376.0,0.261111125,49.370044052863435,300.08030695101274,15.76388888888889,True,True
8378563200,2016-04-17,2132,2572,1.69000005722046,1.69000005722046,0.0,0,0,93,599,0.0,0.0,1.69000005722046,0.0,Sunday,4,April,93,1.69000005722046,High Activity,2.0,525.0,591.0,8.75,9.85,88.83,Recommended Range,,,,,,,,2571.0,2132.0,93.0,0.06458325,22.9247311827957,1206.3789868667916,6.458333333333334,True,True
8378563200,2016-04-18,13630,4157,10.8100004196167,10.8100004196167,2.0921471118927,117,10,174,720,5.05000019073486,0.560000002384186,5.19999980926514,0.0,Monday,4,April,301,10.810000002384186,High Activity,1.0,398.0,451.0,6.63,7.52,88.25,Short Sleep,,,,,,,,4159.0,13630.0,545.0,0.3784722916666667,45.28239202657807,304.98899486426996,20.90277777777778,False,False
8378563200,2016-04-19,13070,4092,10.3599996566772,10.3599996566772,2.25308108329773,120,19,154,737,5.30000019073486,0.879999995231628,4.17999982833862,0.0,Tuesday,4,April,293,10.360000014305108,High Activity,1.0,387.0,421.0,6.45,7.02,91.92,Short Sleep,,,,,,,,4091.0,13070.0,552.0,0.38333325,44.60750853242321,313.0833970925784,20.34722222222222,False,False
8378563200,2016-04-20,9388,3787,7.44000005722046,7.44000005722046,2.0921471118927,82,8,169,763,2.23000001907349,0.439999997615814,4.78000020980835,0.0,Wednesday,4,April,259,7.450000226497654,High Activity,1.0,381.0,409.0,6.35,6.82,93.15,Short Sleep,,,,,,,,3787.0,9388.0,431.0,0.29930558333333335,36.24710424710425,403.3873029399233,17.98611111111111,False,False
8378563200,2016-04-21,15148,4236,12.0100002288818,12.0100002288818,2.25308108329773,137,16,145,677,6.90000009536743,0.819999992847443,4.28999996185303,0.0,Thursday,4,April,298,12.010000050067902,High Activity,1.0,396.0,417.0,6.6,6.95,94.96,Short Sleep,,,,,,,,4238.0,15148.0,588.0,0.408333375,50.83221476510067,279.64087668339056,20.694444444444443,False,False
8378563200,2016-04-22,12200,4044,9.67000007629395,9.67000007629395,2.0921471118927,113,12,159,769,4.90999984741211,0.589999973773956,4.17999982833862,0.0,Friday,4,April,284,9.679999649524689,High Activity,1.0,441.0,469.0,7.35,7.82,94.03,Recommended Range,,,,,,,,4046.0,12200.0,522.0,0.36250000000000004,42.95774647887324,331.4754098360656,19.72222222222222,True,False
8378563200,2016-04-23,5709,2908,4.53000020980835,4.53000020980835,0.0,19,10,136,740,1.51999998092651,0.519999980926514,2.48000001907349,0.0,Saturday,4,April,165,4.519999980926514,High Activity,1.0,565.0,591.0,9.42,9.85,95.6,Long Sleep,,,,,,,,2910.0,5709.0,213.0,0.147916625,34.6,509.3711683307059,11.458333333333332,True,True
8378563200,2016-04-24,3703,2741,2.94000005722046,2.94000005722046,0.0,0,0,135,734,0.0,0.0,2.94000005722046,0.0,Sunday,4,April,135,2.94000005722046,High Activity,1.0,458.0,492.0,7.63,8.2,93.09,Recommended Range,,,,,,,,2743.0,3703.0,135.0,0.09375004166666667,27.42962962962963,740.2106400216041,9.375,True,True
8378563200,2016-04-25,12405,4005,9.84000015258789,9.84000015258789,2.0921471118927,117,16,141,692,5.05000019073486,0.870000004768372,3.92000007629395,0.0,Monday,4,April,274,9.840000271797182,High Activity,1.0,388.0,402.0,6.47,6.7,96.52,Short Sleep,,,,,,,,4009.0,12405.0,524.0,0.3638889166666666,45.27372262773723,322.8536880290206,19.02777777777778,False,False
8378563200,2016-04-26,16208,3763,12.8500003814697,12.8500003814697,0.0,90,18,161,593,7.51000022888184,0.920000016689301,4.42000007629395,0.0,Tuesday,4,April,269,12.850000321865092,High Activity,1.0,550.0,584.0,9.17,9.73,94.18,Long Sleep,,,,,,,,3765.0,16208.0,467.0,0.324305625,60.25278810408922,232.16929911154986,18.680555555555557,True,False
8378563200,2016-04-27,7359,3061,5.84000015258789,5.84000015258789,0.0,4,4,192,676,0.330000013113022,0.180000007152557,5.32999992370605,0.0,Wednesday,4,April,200,5.8399999439716295,High Activity,1.0,531.0,600.0,8.85,10.0,88.5,Recommended Range,,,,,,,,3061.0,7359.0,212.0,0.14722220833333333,36.795,415.95325451827694,13.88888888888889,True,False
8378563200,2016-04-28,5417,2884,4.30000019073486,4.30000019073486,0.0,11,10,139,711,0.899999976158142,0.490000009536743,2.91000008583069,0.0,Thursday,4,April,160,4.300000071525575,High Activity,1.0,506.0,556.0,8.43,9.27,91.01,Recommended Range,,,,,,,,2884.0,5417.0,192.0,0.13333333333333333,33.85625,532.3980062765369,11.11111111111111,True,False
8378563200,2016-04-29,6175,2982,4.90000009536743,4.90000009536743,0.0,3,7,172,767,0.25,0.360000014305115,4.26999998092651,0.0,Friday,4,April,182,4.879999995231625,High Activity,1.0,527.0,562.0,8.78,9.37,93.77,Recommended Range,,,,,,,,2982.0,6147.0,195.0,0.13541666666666666,33.92857142857143,482.914979757085,12.63888888888889,True,False
8378563200,2016-04-30,2946,2660,2.33999991416931,2.33999991416931,0.0,0,0,121,780,0.0,0.0,2.33999991416931,0.0,Saturday,4,April,121,2.33999991416931,High Activity,1.0,468.0,555.0,7.8,9.25,84.32,Recommended Range,,,,,,,,2660.0,2946.0,121.0,0.08402783333333334,24.34710743801653,902.9192124915139,8.402777777777779,True,True
8378563200,2016-05-01,11419,3369,9.0600004196167,9.0600004196167,0.0,71,10,127,669,6.03000020980835,0.560000002384186,2.47000002861023,0.0,Sunday,5,May,208,9.060000240802763,High Activity,1.0,475.0,539.0,7.92,8.98,88.13,Recommended Range,,,,,,,,3370.0,11419.0,360.0,0.249999875,54.89903846153846,295.0345914703564,14.444444444444443,True,True
8378563200,2016-05-02,6064,3491,4.80999994277954,4.80999994277954,2.0921471118927,63,4,142,802,0.629999995231628,0.170000001788139,4.01000022888184,0.0,Monday,5,May,209,4.810000225901607,High Activity,1.0,351.0,385.0,5.85,6.42,91.17,Short Sleep,,,,,,,,3491.0,6064.0,339.0,0.23541662500000002,29.014354066985646,575.6926121372031,14.51388888888889,False,False
8378563200,2016-05-03,8712,3784,6.90999984741211,6.90999984741211,2.25308108329773,71,20,195,822,1.3400000333786,1.05999994277954,4.5,0.0,Tuesday,5,May,286,6.89999997615814,High Activity,1.0,405.0,429.0,6.75,7.15,94.41,Short Sleep,,,,,,,,3786.0,8712.0,448.0,0.311111125,30.46153846153846,434.34343434343435,19.86111111111111,False,False
8378563200,2016-05-04,7875,3110,6.23999977111816,6.23999977111816,0.0,19,10,167,680,1.55999994277954,0.490000009536743,4.19999980926514,0.0,Wednesday,5,May,196,6.249999761581423,High Activity,1.0,441.0,477.0,7.35,7.95,92.45,Recommended Range,,,,,,,,3109.0,7875.0,244.0,0.16944454166666667,40.17857142857143,394.92063492063494,13.61111111111111,True,False
8378563200,2016-05-05,8567,3783,6.78999996185303,6.78999996185303,2.25308108329773,66,3,214,764,0.889999985694885,0.159999996423721,5.73999977111816,0.0,Thursday,5,May,283,6.789999753236765,High Activity,1.0,381.0,417.0,6.35,6.95,91.37,Short Sleep,,,,,,,,3785.0,8567.0,418.0,0.29027783333333335,30.27208480565371,441.5781487101669,19.65277777777778,False,False
8378563200,2016-05-06,7045,3644,5.59000015258789,5.59000015258789,2.0921471118927,74,5,166,831,1.54999995231628,0.25,3.77999997138977,0.0,Friday,5,May,245,5.57999992370605,High Activity,1.0,323.0,355.0,5.38,5.92,90.99,Short Sleep,,,,,,,,3645.0,7045.0,398.0,0.27638887500000003,28.755102040816325,517.2462739531583,17.01388888888889,False,False
8378563200,2016-05-07,4468,2799,3.53999996185303,3.53999996185303,0.0,0,0,158,851,0.0,0.0,3.53999996185303,0.0,Saturday,5,May,158,3.53999996185303,High Activity,2.0,459.0,513.0,7.65,8.55,89.47,Recommended Range,,,,,,,,2800.0,4468.0,158.0,0.10972233333333332,28.27848101265823,626.4547896150403,10.972222222222221,True,True
8378563200,2016-05-08,2943,2685,2.32999992370605,2.32999992370605,0.0,0,0,139,621,0.0,0.0,2.32999992370605,0.0,Sunday,5,May,139,2.32999992370605,High Activity,1.0,545.0,606.0,9.08,10.1,89.93,Long Sleep,,,,,,,,2684.0,2943.0,139.0,0.09652775000000001,21.172661870503596,912.3343527013252,9.652777777777779,True,True
8378563200,2016-05-09,8382,3721,6.65000009536743,6.65000009536743,2.0921471118927,71,13,171,772,1.26999998092651,0.660000026226044,4.71999979019165,0.0,Monday,5,May,255,6.649999797344204,High Activity,1.0,359.0,399.0,5.98,6.65,89.97,Short Sleep,,,,,,,,3721.0,8382.0,410.0,0.28472220833333334,32.870588235294115,443.927463612503,17.708333333333336,False,False
8378563200,2016-05-10,6582,3586,5.21999979019165,5.21999979019165,2.25308108329773,63,13,152,840,0.660000026226044,0.639999985694885,3.92000007629395,0.0,Tuesday,5,May,228,5.22000008821488,High Activity,1.0,342.0,391.0,5.7,6.52,87.47,Short Sleep,,,,,,,,3588.0,6582.0,367.0,0.25486108333333335,28.86842105263158,544.8192038893953,15.833333333333332,False,False
8378563200,2016-05-11,9143,3788,7.25,7.25,2.0921471118927,72,10,184,763,1.38999998569489,0.589999973773956,5.26999998092651,0.0,Wednesday,5,May,266,7.249999940395356,High Activity,1.0,368.0,387.0,6.13,6.45,95.09,Short Sleep,,,,,,,,3788.0,9143.0,420.0,0.29166670833333336,34.37218045112782,414.3060264683364,18.47222222222222,False,False
8378563200,2016-05-12,4561,1976,3.61999988555908,3.61999988555908,0.0,8,6,102,433,0.649999976158142,0.270000010728836,2.69000005722046,0.0,Thursday,5,May,116,3.610000044107438,High Activity,1.0,496.0,546.0,8.27,9.1,90.84,Recommended Range,,,,,,,,1857.0,4056.0,127.0,0.14111120000000002,39.31896551724138,433.2383249287437,8.055555555555555,True,False
8583815059,2016-04-12,5014,2650,3.91000008583069,3.91000008583069,0.0,0,7,196,1237,0.0,0.330000013113022,3.57999992370605,0.0,Tuesday,4,April,203,3.909999936819072,High Activity,,,,,,,,,,,,,,,2650.0,5014.0,210.0,0.14583337500000002,24.699507389162562,528.5201435979258,14.097222222222221,False,False
8583815059,2016-04-13,5571,2654,4.34999990463257,4.34999990463257,0.0,2,23,163,1252,0.150000005960464,0.970000028610229,3.23000001907349,0.0,Wednesday,4,April,188,4.350000053644183,High Activity,,,,,,,,,,,,,,,2653.0,5571.0,215.0,0.14930558333333335,29.632978723404257,476.395620175911,13.055555555555557,False,False
8583815059,2016-04-14,3135,2443,2.45000004768372,2.45000004768372,0.0,0,0,134,1306,0.0,0.0,2.4300000667572,0.0,Thursday,4,April,134,2.4300000667572,High Activity,,,,,,,,,,,,,,,2442.0,3118.0,134.0,0.09305558333333334,23.395522388059703,779.2663476874004,9.305555555555555,False,False
8583815059,2016-04-15,3430,2505,2.6800000667572,2.6800000667572,0.0,0,0,65,1375,0.0,0.0,0.899999976158142,0.0,Friday,4,April,65,0.899999976158142,High Activity,,,,,,,,,,,,,,,2207.0,1158.0,65.0,0.04513883333333333,52.76923076923077,730.3206997084548,4.513888888888888,False,False
8583815059,2016-04-16,5319,2693,4.15000009536743,4.15000009536743,0.0,0,0,0,1440,0.0,0.0,0.0,0.0,Saturday,4,April,0,0.0,Sedentary,,,,,,,,,,,,,,,2016.0,0.0,0.0,0.0,,506.2981763489378,0.0,False,True
8583815059,2016-04-17,3008,2439,2.34999990463257,2.34999990463257,0.0,0,0,0,1440,0.0,0.0,0.0,0.0,Sunday,4,April,0,0.0,Sedentary,,,,,,,,,,,,,,,2016.0,0.0,0.0,0.0,,810.8377659574468,0.0,False,True
8583815059,2016-04-18,3864,2536,3.00999999046326,3.00999999046326,0.0,4,22,105,1309,0.310000002384186,1.05999994277954,1.35000002384186,0.0,Monday,4,April,131,2.7199999690055856,High Activity,,,,,,,,,,,,,,,2496.0,3481.0,161.0,0.1118055,29.49618320610687,656.3146997929607,9.097222222222221,False,False
8583815059,2016-04-19,5697,2668,4.44000005722046,4.44000005722046,0.0,7,10,166,1257,0.529999971389771,0.479999989271164,3.44000005722046,0.0,Tuesday,4,April,183,4.450000017881395,High Activity,,,,,,,,,,,,,,,2668.0,5697.0,207.0,0.14375000000000002,31.131147540983605,468.3166578901176,12.708333333333332,False,False
8583815059,2016-04-20,5273,2647,4.1100001335144,4.1100001335144,0.0,0,27,167,1246,0.0,1.03999996185303,3.0699999332428,0.0,Wednesday,4,April,194,4.1099998950958305,High Activity,,,,,,,,,,,,,,,2647.0,5273.0,221.0,0.15347220833333333,27.18041237113402,501.9912763132942,13.472222222222221,False,False
8583815059,2016-04-21,8538,2883,6.65999984741211,6.65999984741211,0.0,35,18,158,1229,2.63000011444092,1.01999998092651,3.00999999046326,0.0,Thursday,4,April,211,6.66000008583069,High Activity,,,,,,,,,,,,,,,2883.0,8538.0,299.0,0.20763883333333333,40.464454976303315,337.66690091356287,14.652777777777779,False,False
8583815059,2016-04-22,8687,2944,6.78000020980835,6.78000020980835,0.0,4,54,212,1170,0.28999999165535,2.41000008583069,4.07999992370605,0.0,Friday,4,April,270,6.78000000119209,High Activity,,,,,,,,,,,,,,,2944.0,8687.0,332.0,0.23055558333333334,32.17407407407408,338.89720271670313,18.75,False,False
8583815059,2016-04-23,9423,3012,7.34999990463257,7.34999990463257,0.0,7,44,238,1151,0.529999971389771,2.02999997138977,4.75,0.0,Saturday,4,April,289,7.309999942779541,High Activity,,,,,,,,,,,,,,,3011.0,9381.0,347.0,0.24097220833333333,32.60553633217993,319.64342566061765,20.069444444444446,False,True
8583815059,2016-04-24,8286,2889,6.46000003814697,6.46000003814697,0.0,2,44,206,1188,0.150000005960464,2.04999995231628,4.26999998092651,0.0,Sunday,4,April,252,6.469999939203254,High Activity,,,,,,,,,,,,,,,2887.0,8286.0,300.0,0.20833337500000002,32.88095238095238,348.66039102099927,17.5,False,True
8583815059,2016-04-25,4503,2547,3.50999999046326,3.50999999046326,0.0,18,6,122,1294,1.47000002861023,0.239999994635582,1.80999994277954,0.0,Monday,4,April,146,3.5199999660253516,High Activity,,,,,,,,,,,,,,,2547.0,4503.0,188.0,0.13055550000000002,30.84246575342466,565.6229180546302,10.13888888888889,False,False
8583815059,2016-04-26,10499,3093,8.1899995803833,8.1899995803833,0.0,1,91,214,1134,0.0700000002980232,4.21999979019165,3.89000010490417,0.0,Tuesday,4,April,306,8.179999895393843,High Activity,,,,,,,,,,,,,,,3092.0,10499.0,399.0,0.2770833333333333,34.310457516339866,294.5994856653014,21.25,False,False
8583815059,2016-04-27,12474,3142,9.72999954223633,9.72999954223633,0.0,77,5,129,1229,6.59999990463257,0.270000010728836,2.86999988555908,0.0,Wednesday,4,April,211,9.739999800920486,High Activity,,,,,,,,,,,,,,,3140.0,12474.0,370.0,0.2569445,59.11848341232228,251.8839185505852,14.652777777777779,False,False
8583815059,2016-04-28,6174,2757,4.82000017166138,4.82000017166138,0.0,0,28,203,1209,0.0,1.20000004768372,3.60999989509583,0.0,Thursday,4,April,231,4.80999994277955,High Activity,,,,,,,,,,,,,,,2756.0,6174.0,259.0,0.17986100000000002,26.727272727272727,446.5500485908649,16.041666666666668,False,False
8583815059,2016-04-29,15168,3513,11.8299999237061,11.8299999237061,0.0,46,67,258,1069,3.90000009536743,3.0,4.92000007629395,0.0,Friday,4,April,371,11.82000017166138,High Activity,,,,,,,,,,,,,,,3508.0,15156.0,530.0,0.368055625,40.88409703504043,231.60601265822785,25.763888888888886,False,False
8583815059,2016-04-30,10085,3164,7.86999988555908,7.86999988555908,0.0,2,28,317,1093,0.150000005960464,1.27999997138977,6.42999982833862,0.0,Saturday,4,April,347,7.8599998056888545,High Activity,,,,,,,,,,,,,,,3163.0,10085.0,379.0,0.2631944583333333,29.063400576368878,313.7332672285572,24.09722222222222,False,True
8583815059,2016-05-01,4512,2596,3.51999998092651,3.51999998092651,0.0,10,2,117,1311,0.779999971389771,0.119999997317791,2.03999996185303,0.0,Sunday,5,May,129,2.939999930560592,High Activity,,,,,,,,,,,,,,,2463.0,3773.0,151.0,0.104861125,34.97674418604651,575.354609929078,8.958333333333334,False,True
8583815059,2016-05-02,8469,2894,6.6100001335144,6.6100001335144,0.0,0,0,0,1440,0.0,0.0,0.0,0.0,Monday,5,May,0,0.0,Sedentary,,,,,,,,,,,,,,,2016.0,0.0,0.0,0.0,,341.7168496870941,0.0,False,False
8583815059,2016-05-03,12015,3212,9.36999988555908,9.36999988555908,0.0,0,0,0,1440,0.0,0.0,0.0,0.0,Tuesday,5,May,0,0.0,Sedentary,,,,,,,,,,,,,,,2016.0,0.0,0.0,0.0,,267.3325010403662,0.0,False,False
8583815059,2016-05-04,3588,2516,2.79999995231628,2.79999995231628,0.0,0,0,0,1440,0.0,0.0,0.0,0.0,Wednesday,5,May,0,0.0,Sedentary,,,,,,,,,,,,,,,2016.0,0.0,0.0,0.0,,701.2263099219621,0.0,False,False
8583815059,2016-05-05,12427,3266,9.6899995803833,9.6899995803833,0.0,0,0,70,1370,0.0,0.0,1.17999994754791,0.0,Thursday,5,May,70,1.17999994754791,High Activity,,,,,,,,,,,,,,,2230.0,1507.0,70.0,0.048611125000000005,177.52857142857144,262.81483865776136,4.861111111111112,False,False
8583815059,2016-05-06,5843,2683,4.55999994277954,4.55999994277954,0.0,2,22,166,1250,0.140000000596046,1.19000005722046,3.23000001907349,0.0,Friday,5,May,190,4.560000076889996,High Activity,,,,,,,,,,,,,,,2681.0,5843.0,216.0,0.15,30.75263157894737,459.1819270922471,13.194444444444445,False,False
8583815059,2016-05-07,6117,2810,4.76999998092651,4.76999998092651,0.0,0,0,250,1190,0.0,0.0,4.76999998092651,0.0,Saturday,5,May,250,4.76999998092651,High Activity,,,,,,,,,,,,,,,2809.0,6117.0,250.0,0.173611125,24.468,459.37551087134216,17.36111111111111,False,True
8583815059,2016-05-08,9217,2940,7.19000005722046,7.19000005722046,0.0,3,72,182,1183,0.219999998807907,3.30999994277954,3.66000008583069,0.0,Sunday,5,May,257,7.190000027418137,High Activity,,,,,,,,,,,,,,,2939.0,9217.0,335.0,0.23263883333333335,35.86381322957198,318.9758055766518,17.84722222222222,False,True
8583815059,2016-05-09,9877,2947,7.69999980926514,7.69999980926514,0.0,66,4,110,1260,5.76000022888184,0.170000001788139,1.73000001907349,0.0,Monday,5,May,180,7.66000024974347,High Activity,,,,,,,,,,,,,,,2938.0,9834.0,316.0,0.21944445833333334,54.87222222222222,298.36995038979444,12.5,False,False
8583815059,2016-05-10,8240,2846,6.42999982833862,6.42999982833862,0.0,9,43,162,1226,0.689999997615814,2.00999999046326,3.72000002861023,0.0,Tuesday,5,May,214,6.420000016689304,High Activity,,,,,,,,,,,,,,,2839.0,8217.0,275.0,0.19097220833333337,38.504672897196265,345.3883495145631,14.86111111111111,False,False
8583815059,2016-05-11,8701,2804,6.78999996185303,6.78999996185303,0.0,5,71,177,1106,0.370000004768372,3.24000000953674,3.17000007629395,0.0,Wednesday,5,May,253,6.780000090599062,High Activity,,,,,,,,,,,,,,,2729.0,8597.0,327.0,0.24772722727272728,34.391304347826086,322.2618089874727,17.569444444444443,False,False
8583815059,2016-05-12,0,0,0.0,0.0,0.0,0,0,0,1440,0.0,0.0,0.0,0.0,Thursday,5,May,0,0.0,Sedentary,,,,,,,,,,,,,,,,,,,,,0.0,False,False
8792009665,2016-04-12,2564,2044,1.63999998569489,1.63999998569489,0.0,0,0,116,831,0.0,0.0,1.63999998569489,0.0,Tuesday,4,April,116,1.63999998569489,High Activity,1.0,458.0,493.0,7.63,8.22,92.9,Recommended Range,68.92,48.0,135.0,7587.0,,,,2040.0,2556.0,116.0,0.080555625,22.103448275862068,797.191887675507,8.055555555555555,True,False
8792009665,2016-04-13,1320,1934,0.839999973773956,0.839999973773956,0.0,0,0,82,806,0.0,0.0,0.839999973773956,0.0,Wednesday,4,April,82,0.839999973773956,High Activity,1.0,531.0,552.0,8.85,9.2,96.2,Recommended Range,68.51,43.0,121.0,8044.0,,,,1936.0,1320.0,82.0,0.0569445,16.097560975609756,1465.151515151515,5.694444444444445,True,False
8792009665,2016-04-14,1219,1963,0.779999971389771,0.779999971389771,0.0,0,0,84,853,0.0,0.0,0.779999971389771,0.0,Thursday,4,April,84,0.779999971389771,High Activity,1.0,486.0,503.0,8.1,8.38,96.62,Recommended Range,69.09,46.0,124.0,7461.0,,,,1960.0,1219.0,84.0,0.058333416666666665,14.511904761904763,1610.3363412633305,5.833333333333333,True,False
8792009665,2016-04-15,2483,2009,1.5900000333786,1.5900000333786,0.0,0,0,126,937,0.0,0.0,1.5900000333786,0.0,Friday,4,April,126,1.5900000333786,High Activity,1.0,363.0,377.0,6.05,6.28,96.29,Short Sleep,66.86,49.0,116.0,3605.0,,,,2008.0,2483.0,126.0,0.08750004166666668,19.706349206349206,809.1018928715264,8.75,False,False
8792009665,2016-04-16,244,1721,0.159999996423721,0.159999996423721,0.0,0,0,12,1428,0.0,0.0,0.159999996423721,0.0,Saturday,4,April,12,0.159999996423721,Low Activity,,,,,,,,,,,,,,,1713.0,244.0,12.0,0.008333333333333333,20.333333333333332,7053.2786885245905,0.8333333333333334,False,True
8792009665,2016-04-17,0,1688,0.0,0.0,0.0,0,0,0,1440,0.0,0.0,0.0,0.0,Sunday,4,April,0,0.0,Sedentary,,,,,,,,,,,,,,,1680.0,0.0,0.0,0.0,,,0.0,False,True
8792009665,2016-04-18,0,1688,0.0,0.0,0.0,0,0,0,1440,0.0,0.0,0.0,0.0,Monday,4,April,0,0.0,Sedentary,,,,,,,,,,,,,,,1680.0,0.0,0.0,0.0,,,0.0,False,False
8792009665,2016-04-19,0,1688,0.0,0.0,0.0,0,0,0,1440,0.0,0.0,0.0,0.0,Tuesday,4,April,0,0.0,Sedentary,,,,,,,,,,,,,,,1680.0,0.0,0.0,0.0,,,0.0,False,False
8792009665,2016-04-20,3147,2188,2.00999999046326,2.00999999046326,0.0,0,10,139,744,0.0,0.280000001192093,1.74000000953674,0.0,Wednesday,4,April,149,2.020000010728833,High Activity,1.0,528.0,547.0,8.8,9.12,96.53,Recommended Range,69.62,44.0,120.0,7765.0,,,,2189.0,3147.0,159.0,0.11041666666666666,21.120805369127517,695.2653320622816,10.347222222222221,True,False
8792009665,2016-04-21,144,1720,0.0900000035762787,0.0900000035762787,0.0,0,0,9,1431,0.0,0.0,0.0900000035762787,0.0,Thursday,4,April,9,0.0900000035762787,Low Activity,,,,,,,,80.8,66.0,108.0,184.0,,,,1712.0,144.0,9.0,0.0062499999999999995,16.0,11944.444444444445,0.625,False,False
8792009665,2016-04-22,4068,2419,2.59999990463257,2.59999990463257,0.0,1,20,195,817,0.0500000007450581,0.280000001192093,2.26999998092651,0.0,Friday,4,April,216,2.599999982863661,High Activity,1.0,391.0,407.0,6.52,6.78,96.07,Short Sleep,70.26,44.0,131.0,8429.0,,,,2420.0,4068.0,238.0,0.165277875,18.833333333333332,594.6411012782695,15.0,False,False
8792009665,2016-04-23,5245,2748,3.35999989509583,3.35999989509583,0.0,8,45,232,795,0.159999996423721,0.439999997615814,2.75,0.0,Saturday,4,April,285,3.349999994039535,High Activity,1.0,339.0,360.0,5.65,6.0,94.17,Short Sleep,77.83,48.0,141.0,9095.0,,,,2746.0,5245.0,346.0,0.24027779166666666,18.403508771929825,523.9275500476645,19.791666666666664,False,True
8792009665,2016-04-24,400,1799,0.259999990463257,0.259999990463257,0.0,3,8,19,1410,0.0399999991059303,0.0500000007450581,0.159999996423721,0.0,Sunday,4,April,30,0.2499999962747094,Moderate Activity,,,,,,,,76.04,55.0,120.0,673.0,,,,1792.0,400.0,44.0,0.03055554166666667,13.333333333333334,4497.5,2.083333333333333,False,True
8792009665,2016-04-25,0,1688,0.0,0.0,0.0,0,0,0,1440,0.0,0.0,0.0,0.0,Monday,4,April,0,0.0,Sedentary,,,,,,,,,,,,,,,1680.0,0.0,0.0,0.0,,,0.0,False,False
8792009665,2016-04-26,1321,1928,0.850000023841858,0.850000023841858,0.0,0,0,80,1360,0.0,0.0,0.850000023841858,0.0,Tuesday,4,April,80,0.850000023841858,High Activity,,,,,,,,69.84,54.0,114.0,5348.0,,,,1922.0,1321.0,80.0,0.05555554166666667,16.5125,1459.5003785011356,5.555555555555555,False,False
8792009665,2016-04-27,1758,2067,1.12999999523163,1.12999999523163,0.0,0,0,112,900,0.0,0.0,1.12999999523163,0.0,Wednesday,4,April,112,1.12999999523163,High Activity,1.0,423.0,428.0,7.05,7.13,98.83,Recommended Range,68.79,43.0,132.0,8406.0,,,,2066.0,1758.0,112.0,0.07777775,15.696428571428571,1175.7679180887371,7.777777777777778,True,False
8792009665,2016-04-28,6157,2780,3.94000005722046,3.94000005722046,0.0,0,0,310,714,0.0,0.0,3.94000005722046,0.0,Thursday,4,April,310,3.94000005722046,High Activity,1.0,402.0,416.0,6.7,6.93,96.63,Short Sleep,76.7,44.0,134.0,9374.0,,,,2780.0,6157.0,310.0,0.21527775000000002,19.861290322580643,451.5185967191814,21.52777777777778,False,False
8792009665,2016-04-29,8360,3101,5.34999990463257,5.34999990463257,0.0,6,14,380,634,0.140000000596046,0.280000001192093,4.92999982833862,0.0,Friday,4,April,400,5.34999983012676,High Activity,1.0,398.0,406.0,6.63,6.77,98.03,Short Sleep,80.91,48.0,158.0,8907.0,,,,3100.0,8360.0,426.0,0.295833375,20.9,370.933014354067,27.77777777777778,False,False
8792009665,2016-04-30,7174,2896,4.59000015258789,4.59000015258789,0.0,10,20,301,749,0.330000013113022,0.360000014305115,3.91000008583069,0.0,Saturday,4,April,331,4.600000113248827,High Activity,1.0,343.0,360.0,5.72,6.0,95.28,Short Sleep,81.46,48.0,132.0,9022.0,,,,2897.0,7174.0,371.0,0.2576388333333333,21.673716012084594,403.67995539448003,22.98611111111111,False,True
8792009665,2016-05-01,1619,1962,1.03999996185303,1.03999996185303,0.0,0,0,79,834,0.0,0.0,1.03999996185303,0.0,Sunday,5,May,79,1.03999996185303,High Activity,1.0,503.0,527.0,8.38,8.78,95.45,Recommended Range,67.81,43.0,123.0,8613.0,,,,1963.0,1619.0,79.0,0.05486108333333334,20.49367088607595,1211.8591723285979,5.486111111111111,True,True
8792009665,2016-05-02,1831,2015,1.16999995708466,1.16999995708466,0.0,0,0,101,916,0.0,0.0,1.16999995708466,0.0,Monday,5,May,101,1.16999995708466,High Activity,1.0,415.0,423.0,6.92,7.05,98.11,Short Sleep,67.4,45.0,129.0,8217.0,,,,2013.0,1831.0,101.0,0.07013891666666668,18.128712871287128,1100.4915346805026,7.013888888888889,False,False
8792009665,2016-05-03,2421,2297,1.54999995231628,1.54999995231628,0.0,0,0,156,739,0.0,0.0,1.54999995231628,0.0,Tuesday,5,May,156,1.54999995231628,High Activity,1.0,516.0,545.0,8.6,9.08,94.68,Recommended Range,74.37,45.0,119.0,8496.0,,,,2298.0,2421.0,156.0,0.10833337500000001,15.51923076923077,948.7814952498968,10.833333333333334,True,False
8792009665,2016-05-04,2283,2067,1.46000003814697,1.46000003814697,0.0,0,0,129,848,0.0,0.0,1.46000003814697,0.0,Wednesday,5,May,129,1.46000003814697,High Activity,1.0,439.0,463.0,7.32,7.72,94.82,Recommended Range,74.98,51.0,114.0,3615.0,,,,2065.0,2283.0,129.0,0.08958333333333333,17.697674418604652,905.3876478318003,8.958333333333334,True,False
8792009665,2016-05-05,0,1688,0.0,0.0,0.0,0,0,0,1440,0.0,0.0,0.0,0.0,Thursday,5,May,0,0.0,Sedentary,,,,,,,,,,,,,,,1680.0,0.0,0.0,0.0,,,0.0,False,False
8792009665,2016-05-06,0,1688,0.0,0.0,0.0,0,0,0,1440,0.0,0.0,0.0,0.0,Friday,5,May,0,0.0,Sedentary,,,,,,,,,,,,,,,1680.0,0.0,0.0,0.0,,,0.0,False,False
8792009665,2016-05-07,0,1688,0.0,0.0,0.0,0,0,0,1440,0.0,0.0,0.0,0.0,Saturday,5,May,0,0.0,Sedentary,,,,,,,,,,,,,,,1680.0,0.0,0.0,0.0,,,0.0,False,True
8792009665,2016-05-08,0,1688,0.0,0.0,0.0,0,0,0,1440,0.0,0.0,0.0,0.0,Sunday,5,May,0,0.0,Sedentary,,,,,,,,,,,,,,,1680.0,0.0,0.0,0.0,,,0.0,False,True
8792009665,2016-05-09,0,1688,0.0,0.0,0.0,0,0,0,1440,0.0,0.0,0.0,0.0,Monday,5,May,0,0.0,Sedentary,,,,,,,,,,,,,,,1680.0,0.0,0.0,0.0,,,0.0,False,False
8792009665,2016-05-10,0,57,0.0,0.0,0.0,0,0,0,48,0.0,0.0,0.0,0.0,Tuesday,5,May,0,0.0,Sedentary,,,,,,,,,,,,,,,,,,,,,0.0,False,False
8877689391,2016-04-12,23186,3921,20.3999996185303,20.3999996185303,0.0,85,7,312,1036,12.2200002670288,0.340000003576279,7.82000017166138,0.0,Tuesday,4,April,404,20.380000442266457,High Activity,,,,,,,,86.55,47.0,164.0,8280.0,,,,3916.0,23186.0,581.0,0.4034721666666667,57.39108910891089,169.11067023203657,28.055555555555557,False,False
8877689391,2016-04-13,15337,3566,9.57999992370605,9.57999992370605,0.0,108,18,216,1098,3.54999995231628,0.379999995231628,5.6399998664856,0.0,Wednesday,4,April,342,9.569999814033508,High Activity,,,,,,,,84.74,50.0,160.0,8577.0,,,,3565.0,15337.0,576.0,0.39999999999999997,44.845029239766085,232.50961726543653,23.75,False,False
8877689391,2016-04-14,21129,3793,18.9799995422363,18.9799995422363,0.0,68,13,298,1061,10.5500001907349,0.589999973773956,7.75,0.0199999995529652,Thursday,4,April,379,18.890000164508855,High Activity,,,,,,,,85.32,50.0,169.0,8096.0,,,,3790.0,21071.0,528.0,0.36666662499999997,55.74934036939314,179.51630460504518,26.319444444444446,False,False
8877689391,2016-04-15,13422,3934,7.17000007629395,7.17000007629395,0.0,106,1,281,1052,0.0500000007450581,0.0500000007450581,7.01000022888184,0.0099999997764825,Friday,4,April,388,7.1100002303719565,High Activity,,,,,,,,91.93,48.0,165.0,9743.0,,,,3920.0,13375.0,601.0,0.417361125,34.59278350515464,293.10087915362834,26.944444444444443,False,False
8877689391,2016-04-16,29326,4547,25.2900009155273,25.2900009155273,0.0,94,29,429,888,13.2399997711182,1.21000003814697,10.710000038147,0.0,Saturday,4,April,552,25.15999984741217,High Activity,,,,,,,,92.06,54.0,172.0,8431.0,,,,4534.0,29204.0,769.0,0.53402775,53.1268115942029,155.0501261679056,38.333333333333336,False,True
8877689391,2016-04-17,15118,3545,8.86999988555908,8.86999988555908,0.0,58,15,307,1060,0.0,0.0700000002980232,8.78999996185303,0.0,Sunday,4,April,380,8.859999962151052,High Activity,,,,,,,,87.87,51.0,167.0,8071.0,,,,3538.0,15118.0,511.0,0.354861125,39.78421052631579,234.4886889800238,26.38888888888889,False,True
8877689391,2016-04-18,11423,2761,8.67000007629395,8.67000007629395,0.0,29,5,191,1215,2.44000005722046,0.270000010728836,5.94000005722046,0.0,Monday,4,April,225,8.650000125169756,High Activity,,,,,,,,66.04,48.0,139.0,6542.0,,,,2757.0,11409.0,288.0,0.19999999999999998,50.76888888888889,241.70533134903266,15.625,False,False
8877689391,2016-04-19,18785,3676,17.3999996185303,17.3999996185303,0.0,82,13,214,1131,12.1499996185303,0.180000007152557,5.03000020980835,0.0,Tuesday,4,April,309,17.35999983549121,High Activity,,,,,,,,86.59,49.0,178.0,7877.0,,,,3670.0,18748.0,486.0,0.3375000416666667,60.79288025889968,195.6880489752462,21.458333333333332,False,False
8877689391,2016-04-20,19948,3679,18.1100006103516,18.1100006103516,0.0,73,19,225,1123,11.0200004577637,0.689999997615814,6.34000015258789,0.0,Wednesday,4,April,317,18.050000607967405,High Activity,,,,,,,,85.49,51.0,173.0,7807.0,,,,3671.0,19881.0,482.0,0.3347222083333334,62.927444794952685,184.42951674353318,22.01388888888889,False,False
8877689391,2016-04-21,19377,3659,17.6200008392334,17.6200008392334,0.0,82,13,226,1119,12.289999961853,0.419999986886978,4.8899998664856,0.0,Thursday,4,April,321,17.59999981522558,High Activity,,,,,,,,87.13,53.0,170.0,7582.0,,,,3661.0,19377.0,498.0,0.34583329166666665,60.36448598130841,188.83212055529754,22.291666666666668,False,False
8877689391,2016-04-22,18258,3427,16.3099994659424,16.3099994659424,0.0,61,2,236,1141,10.2299995422363,0.0299999993294477,5.96999979019165,0.0500000007450581,Friday,4,April,299,16.229999331757398,High Activity,,,,,,,,82.81,47.0,163.0,7885.0,,,,3414.0,18225.0,423.0,0.29374995833333334,61.063545150501675,187.6985431043926,20.76388888888889,False,False
8877689391,2016-04-23,11200,3891,7.42999982833862,7.42999982833862,0.0,102,6,300,1032,0.0,0.0,7.40000009536743,0.0099999997764825,Saturday,4,April,408,7.40000009536743,High Activity,,,,,,,,93.94,53.0,165.0,9225.0,,,,3886.0,11191.0,618.0,0.4291666666666667,27.45098039215686,347.41071428571433,28.333333333333332,False,True
8877689391,2016-04-24,16674,3455,15.7399997711182,15.7399997711182,0.0,64,1,227,1148,11.0100002288818,0.0099999997764825,4.69000005722046,0.0,Sunday,4,April,292,15.710000285878742,High Activity,,,,,,,,87.28,51.0,171.0,7100.0,,,,3449.0,16660.0,421.0,0.292361125,57.102739726027394,207.20882811562913,20.27777777777778,False,True
8877689391,2016-04-25,12986,3802,8.73999977111816,8.73999977111816,0.0,113,8,218,1101,2.36999988555908,0.0700000002980232,6.26999998092651,0.0099999997764825,Monday,4,April,339,8.709999866783614,High Activity,,,,,,,,89.8,49.0,176.0,9312.0,,,,3798.0,12957.0,573.0,0.3979167083333333,38.306784660766965,292.77683659325425,23.541666666666668,False,False
8877689391,2016-04-26,11101,2860,8.43000030517578,8.43000030517578,0.0,22,3,258,1157,1.75999999046326,0.129999995231628,6.5,0.0,Tuesday,4,April,283,8.389999985694889,High Activity,,,,,,,,67.56,49.0,125.0,7066.0,,,,2854.0,11070.0,330.0,0.22916666666666666,39.226148409893995,257.6344473470858,19.65277777777778,False,False
8877689391,2016-04-27,23629,3808,20.6499996185303,20.6499996185303,0.0,93,8,235,1104,13.0699996948242,0.439999997615814,7.09999990463257,0.0,Wednesday,4,April,336,20.609999597072584,High Activity,,,,,,,,84.78,46.0,163.0,7991.0,,,,3800.0,23603.0,530.0,0.36805554166666665,70.32440476190476,161.15789919167125,23.333333333333332,False,False
8877689391,2016-04-28,14890,3060,11.3000001907349,11.3000001907349,0.0,58,8,231,1143,4.92999982833862,0.379999995231628,5.96999979019165,0.0,Thursday,4,April,297,11.279999613761898,High Activity,,,,,,,,66.81,47.0,153.0,6847.0,,,,3058.0,14885.0,421.0,0.2923610833333333,50.13468013468013,205.50705171255876,20.625,False,False
8877689391,2016-04-29,9733,2698,7.3899998664856,7.3899998664856,0.0,18,5,210,1207,1.37999999523163,0.170000001788139,5.78999996185303,0.0,Friday,4,April,233,7.339999958872799,High Activity,,,,,,,,64.46,47.0,131.0,6974.0,,,,2694.0,9700.0,274.0,0.19027779166666667,41.772532188841204,277.2012740162334,16.180555555555557,False,False
8877689391,2016-04-30,27745,4398,26.7199993133545,26.7199993133545,0.0,124,4,223,1089,21.6599998474121,0.0799999982118607,4.92999982833862,0.0,Saturday,4,April,351,26.66999967396258,High Activity,,,,,,,,102.18,49.0,170.0,8066.0,,,,4388.0,27710.0,603.0,0.4187500833333333,79.04558404558405,158.5150477563525,24.375,False,True
8877689391,2016-05-01,10930,2786,8.31999969482422,8.31999969482422,0.0,36,12,166,1226,3.13000011444092,0.569999992847443,4.57000017166138,0.0,Sunday,5,May,214,8.270000278949743,High Activity,,,,,,,,70.71,48.0,145.0,5983.0,,,,2780.0,10890.0,298.0,0.20694441666666666,51.074766355140184,254.89478499542545,14.86111111111111,False,True
8877689391,2016-05-02,4790,2189,3.64000010490417,3.64000010490417,0.0,0,0,105,1335,0.0,0.0,3.55999994277954,0.0,Monday,5,May,105,3.55999994277954,High Activity,,,,,,,,65.86,47.0,108.0,2928.0,,,,2181.0,4699.0,105.0,0.07291666666666667,45.61904761904762,456.9937369519833,7.291666666666667,False,False
8877689391,2016-05-03,10818,2817,8.21000003814697,8.21000003814697,0.0,19,3,229,1189,1.38999998569489,0.100000001490116,6.67000007629395,0.0099999997764825,Tuesday,5,May,251,8.160000063478956,High Activity,,,,,,,,67.47,48.0,150.0,7133.0,,,,2813.0,10791.0,292.0,0.20277775,43.0996015936255,260.39933444259566,17.430555555555554,False,False
8877689391,2016-05-04,18193,3477,16.2999992370605,16.2999992370605,0.0,66,8,212,1154,10.4200000762939,0.310000002384186,5.53000020980835,0.0,Wednesday,5,May,286,16.260000288486435,High Activity,,,,,,,,88.37,56.0,168.0,7191.0,,,,3472.0,18165.0,426.0,0.29583329166666666,63.61188811188811,191.11746276040233,19.86111111111111,False,False
8877689391,2016-05-05,14055,3052,10.6700000762939,10.6700000762939,0.0,67,15,188,1170,5.46000003814697,0.819999992847443,4.36999988555908,0.0,Thursday,5,May,270,10.649999916553494,High Activity,,,,,,,,72.85,53.0,142.0,6092.0,,,,3050.0,14055.0,419.0,0.2909722083333333,52.05555555555556,217.14692280327287,18.75,False,False
8877689391,2016-05-06,21727,4015,19.3400001525879,19.3400001525879,0.0,96,17,232,1095,12.789999961853,0.28999999165535,6.15999984741211,0.0,Friday,5,May,345,19.23999980092046,High Activity,,,,,,,,92.84,47.0,177.0,7662.0,,,,4003.0,21622.0,554.0,0.3847222083333333,62.9768115942029,184.79311455792333,23.958333333333336,False,False
8877689391,2016-05-07,12332,4142,8.13000011444092,8.13000011444092,0.0,105,28,271,1036,0.0799999982118607,0.959999978542328,6.98999977111816,0.0,Saturday,5,May,404,8.029999747872349,High Activity,,,,,,,,101.0,56.0,166.0,8699.0,,,,4125.0,12212.0,642.0,0.4458333333333333,30.524752475247524,335.8741485566007,28.055555555555557,False,True
8877689391,2016-05-08,10686,2847,8.10999965667725,8.10999965667725,0.0,17,4,245,1174,1.08000004291534,0.200000002980232,6.80000019073486,0.0,Sunday,5,May,266,8.080000236630433,High Activity,,,,,,,,72.55,54.0,137.0,6403.0,,,,2840.0,10665.0,304.0,0.21111116666666666,40.17293233082707,266.4233576642336,18.47222222222222,False,True
8877689391,2016-05-09,20226,3710,18.25,18.25,0.0,73,19,217,1131,11.1000003814697,0.800000011920929,6.23999977111816,0.0500000007450581,Monday,5,May,309,18.140000164508788,High Activity,,,,,,,,89.62,51.0,176.0,7612.0,,,,3695.0,20156.0,474.0,0.32916670833333334,65.45631067961165,183.42727182833977,21.458333333333332,False,False
8877689391,2016-05-10,10733,2832,8.14999961853027,8.14999961853027,0.0,18,11,224,1187,1.35000002384186,0.46000000834465,6.28000020980835,0.0,Tuesday,5,May,253,8.09000024199486,High Activity,,,,,,,,71.54,50.0,141.0,6242.0,,,,2826.0,10693.0,300.0,0.20833329166666667,42.42292490118577,263.85912605981554,17.569444444444443,False,False
8877689391,2016-05-11,21420,3832,19.5599994659424,19.5599994659424,0.0,88,12,213,1127,13.2200002670288,0.409999996423721,5.8899998664856,0.0,Wednesday,5,May,313,19.52000012993812,High Activity,,,,,,,,89.15,48.0,180.0,7913.0,,,,3827.0,21391.0,501.0,0.34791662500000003,68.43450479233226,178.89822595704948,21.73611111111111,False,False
8877689391,2016-05-12,8064,1849,6.11999988555908,6.11999988555908,0.0,23,1,137,770,1.82000005245209,0.0399999991059303,4.25,0.0,Thursday,5,May,161,6.11000005155802,High Activity,,,,,,,,71.09,53.0,122.0,3511.0,,,,1771.0,7577.0,197.0,0.21888893333333334,50.08695652173913,229.2906746031746,11.180555555555555,False,False
